static const char kernel_config_data[] __used = MAGIC_START
	"\x1f\x8b\x08\x00\x00\x00\x00\x00\x02\x03\x8c\x3c\x5d\x77\xdb\xb8"
	"\x8e\xef\xf3\x2b\x7c\x3a\x2f\x77\x1f\xa6\xe3\xaf\x7c\xed\x9e\x3c"
	"\x50\x12\x25\x73\x2c\x89\x8a\x48\xd9\x49\x5e\x74\xdc\xc4\x6d\xb3"
	"\x37\x4d\x72\x1d\xa7\x33\xdd\x5f\xbf\x00\xa9\x0f\x52\xa2\x94\xcc"
	"\xe9\xe9\xd4\x04\x08\x82\x20\x08\x02\x20\xa8\xdf\x7f\xfb\x7d\x42"
	"\xde\x8e\xcf\x3f\x76\xc7\x87\xbb\xdd\xe3\xe3\xaf\xc9\xb7\xfd\xd3"
	"\xfe\xb0\x3b\xee\xef\x27\x5f\x1f\x1e\xf7\xff\x33\x09\xf8\x24\xe5"
	"\x72\x42\x03\x26\x3f\x03\x72\xfc\xf0\xf4\xf6\xcf\x9f\xbb\xc3\x8f"
	"\xd3\xe5\x64\xf9\x79\x76\xf1\x79\x31\x3f\x99\xac\xf7\x87\xa7\xfd"
	"\xe3\xc4\x7f\x7e\xfa\xfa\xf0\xed\x0d\x7a\x3f\x3c\x3f\xfd\xf6\xfb"
	"\x6f\x3e\x4f\x43\x16\x95\xbe\x5f\x6e\x68\x2e\x18\x4f\x4b\x49\xaf"
	"\xe5\xe5\xa7\xdb\x5f\xfe\xe4\xee\x71\xf7\xf4\x6d\xf2\x73\x7f\x78"
	"\x05\xdc\xc9\x7c\xf6\x79\xfa\x79\xfa\xed\xe1\x38\xf9\xd7\xf7\xe3"
	"\xf1\xe5\xf5\xbf\xff\xfc\x13\x7e\x7c\x7f\xfb\xf2\xf9\xee\xf9\xc7"
	"\x9f\x8f\x8f\x3f\xf5\x5f\x7f\xbc\x1c\x9e\xff\x77\x7f\x77\x9c\xcc"
	"\xbe\x9c\xce\xe7\xbb\xe5\xe2\x6e\xf9\xf5\xe2\x62\xbe\x9f\x9e\xdd"
	"\x9d\xde\xcf\xef\xbe\xcc\xcf\xce\xe7\x17\xb3\xb3\x8b\xf3\xfb\xf3"
	"\x8b\x8b\xe5\x6e\x3a\xfd\xaf\x4f\x35\x13\x51\xcb\xc5\xe5\xd4\xe0"
	"\x8c\x89\xd2\x8f\x49\x1a\x5d\xfe\xaa\x1b\xe3\x00\x1b\xe3\x38\x68"
	"\x9b\x14\x46\xd3\x7d\x3e\x9b\xc2\x7f\x0d\x3a\xe0\xbb\x21\x40\x7d"
	"\x45\x44\x49\x44\x52\x46\x5c\xf2\x96\x9c\xe4\x3c\x16\xa5\x28\xb2"
	"\x8c\xe7\xb2\xcc\x69\x9c\xb7\x30\x96\x5f\x95\x5b\x9e\xaf\xdb\x16"
	"\xaf\x60\x71\x20\x59\x42\x4b\x10\x1e\xf1\x62\x5a\x0a\xe8\x66\x50"
	"\x5b\xe5\x94\x00\xcf\x69\xc8\xe1\xaf\x52\x12\x81\x9d\x41\xfc\xbf"
	"\x4f\x22\xb5\x96\x8f\x93\xd7\xfd\xf1\xed\xa5\x5d\x10\x96\x32\x59"
	"\xd2\x74\x53\x92\x1c\xf8\x67\x09\x93\x97\x8b\x39\xa0\xd7\x7c\xf3"
	"\x24\x63\x30\x8c\xa4\x42\x4e\x1e\x5e\x27\x4f\xcf\x47\xa4\xd0\x4c"
	"\x98\xfb\x24\xae\x67\xfc\xe9\x93\xab\xb9\x24\x85\x39\x5f\x35\x83"
	"\x52\x90\x58\x1a\xf8\x2b\xb2\xa1\xe5\x9a\xe6\x29\x8d\xcb\xe8\x96"
	"\x65\x2d\xba\x09\x89\x6f\x97\x2d\xc0\xc6\x6e\xf8\x6d\x51\x1d\xdc"
	"\x06\x34\x24\x45\x2c\xcb\x15\x17\x32\x25\x09\xbd\xfc\xf4\xaf\xa7"
	"\xe7\xa7\x7d\xab\x18\x62\x4b\x2c\x6a\xe2\x46\x6c\x58\xe6\x9b\xa4"
	"\x1a\x58\xc6\x05\xbb\x2e\x93\xab\x82\x16\xd4\x31\x96\x9f\x73\x21"
	"\xca\x84\x26\x3c\xbf\x29\x89\x94\xc4\x5f\x99\x94\x0b\x41\x63\xe6"
	"\x39\xfa\x91\x02\x36\x57\x67\xfe\x24\xf7\x57\x1a\x00\x0c\x81\x64"
	"\xe3\x16\x3e\xd2\x5a\x6e\x89\x54\x83\x5a\x8d\x32\xa7\xb4\x56\x09"
	"\xd0\xaf\xc9\xeb\xdb\x97\xd7\x5f\xaf\xc7\xfd\x8f\x56\x25\x22\x9a"
	"\xd2\x9c\xf9\x4a\xfd\xb2\x9c\x7b\xb4\xa5\x61\x82\xc4\x8a\x6f\x87"
	"\x21\x65\x4c\x37\x34\x76\xc3\x69\x18\x52\x5f\x32\x9c\x59\x18\x96"
	"\x89\x56\x52\x07\x5e\xc2\xa2\x9c\x48\x54\x2d\x43\x1e\x79\x00\x20"
	"\xd8\x31\x5b\xd8\x2c\x82\xa6\x81\xbd\x5d\x02\x9e\x10\x96\xba\xda"
	"\xca\x15\xa3\x39\x4a\xf2\xa6\x3f\x58\x22\x18\x62\x0e\x02\x7a\x64"
	"\x57\x24\x0d\x60\x57\x54\x94\xad\xae\x88\x1e\xf2\xdc\xa7\x41\xb5"
	"\x1b\x99\x69\x50\x44\x46\x72\x41\xab\x1e\x8d\x36\x98\x93\x0e\xa8"
	"\x57\x44\xa1\x70\xa8\x86\x25\x1a\xd0\x63\x56\xb1\x61\x58\x0c\xa5"
	"\x29\x3e\x6c\xbf\xb5\xe0\x05\xf0\x50\x06\x44\x92\xfe\xb4\x94\x05"
	"\xd9\xf4\xd4\xa6\x06\x2b\x02\xb0\x7c\xa9\x14\x1d\xd2\x68\xc3\x24"
	"\xf3\xd7\xa5\x97\x73\x12\xf8\x44\xc8\xd1\xde\x16\x9a\x52\x39\xf9"
	"\xf0\x03\xcc\xbc\x4b\xeb\x14\x59\x9e\x52\x50\x1e\x83\x68\xca\xcb"
	"\xd5\x2d\x5a\xa1\x44\x69\x41\x23\x31\x68\xcc\x60\x34\x1e\x30\xdf"
	"\x21\x29\xdd\x8b\x81\x6c\xcc\x3e\xba\x35\x2c\xe2\x78\xa8\x8b\xb1"
	"\xc0\x2c\x5a\xa1\x82\x29\x51\xe5\xc2\x24\x93\xc1\x0e\x4a\x32\x09"
	"\x3d\x52\xea\xb6\x0c\x15\xc2\x86\xc7\x45\x2a\x49\x7e\xe3\x18\xae"
	"\xc2\x69\x07\xac\x3b\xf9\x1c\xfa\xd4\xd2\xf2\xb3\xe2\x4f\xb9\x7b"
	"\xfd\xf7\xe4\x08\x62\x9b\xec\x9e\xee\x27\xaf\xc7\xdd\xf1\x75\xb2"
	"\xbb\xbb\x7b\x7e\x7b\x3a\x3e\x3c\x7d\xeb\xc8\x0f\x3a\x94\xc4\x57"
	"\x34\xb4\xda\x35\x4c\x6d\x18\x1c\x2f\x36\x18\x57\xcc\xc1\x1a\xaa"
	"\x97\x52\x10\x8b\x50\xad\xbf\xfe\x0a\x14\x7b\x8b\xe6\xdb\xb6\x51"
	"\x1a\x40\x36\x51\x57\xb7\x3d\x11\xa0\x15\xf1\x29\x98\x43\xa0\xe8"
	"\x3a\x45\xf0\x98\x12\x92\x48\x4b\xcc\xd8\x08\x9b\x21\x26\x37\x63"
	"\xdd\xca\x6b\x04\x1a\x07\x20\xb6\x31\xee\xe4\x3d\x13\xcc\x5a\x47"
	"\xd8\xdb\xf5\x89\x10\x30\x81\xa7\x69\xe0\x5e\x4f\x40\x0c\x65\x4e"
	"\x7c\xa7\x9d\x07\x91\x32\xc1\xe3\xda\x4e\xa9\x75\xcb\xfd\x62\x22"
	"\xfa\x2a\x5e\xaf\x31\x80\x5b\xae\xe0\x07\x1c\xe6\xa0\xcc\xc6\x2c"
	"\x84\x85\x81\x26\xbb\xdb\x84\x12\xeb\xd3\x01\x21\xc6\x71\xbb\x5b"
	"\x0c\x48\x4a\x61\x75\x04\x8d\x7c\x2f\x66\xe6\xa6\x45\x58\x48\x52"
	"\x5e\xc8\xcb\xd3\x65\xbf\x11\xac\x38\x09\x2f\x67\xa7\x36\x44\xc8"
	"\x66\xbb\x34\x42\x42\x88\xc7\xb9\xd3\x4b\x50\x0c\x70\xdf\x43\x61"
	"\x75\x3d\x01\x8f\xa5\x73\xdf\xb0\x9e\x6b\xfd\x8f\x7e\x8b\x52\x22"
	"\xb3\x79\x05\xb6\x55\x6f\xcd\xc6\xeb\x40\xa2\x21\x1c\x3f\x2c\x94"
	"\x97\xb3\x33\xd3\x8b\x49\x61\x89\x68\x19\xc6\x85\x58\x81\x91\x01"
	"\x0f\x40\x66\x71\x11\x39\x3d\x1a\xbd\xa6\x09\xb9\xb6\x89\x35\x5c"
	"\xb0\x54\xae\xc1\x81\x09\x69\x77\xc0\x45\xd7\x12\xea\x3d\xa1\xec"
	"\x61\xad\x19\xe2\xee\xfb\xfe\xfe\xed\x71\x7f\x98\x7c\xdd\xef\x8e"
	"\x6f\x87\xfd\xab\xde\xe8\x95\x57\x00\xce\x65\x92\xa9\xd5\x75\xb9"
	"\x06\x68\x81\x2b\x4f\x51\x94\x69\x91\x90\xd2\x23\xe0\x8d\xfa\x96"
	"\x96\xdb\x58\xc0\xec\x6c\x7e\x6e\x78\xaf\x51\xce\x8b\xcc\x10\x5a"
	"\x46\x22\xaa\x8d\x8e\x79\x8e\x80\xdf\xe2\x47\x9d\x9f\xb5\x77\xd4"
	"\x6b\x03\xf7\x51\x6d\x9e\x2e\x4c\x9d\x82\xe8\xe9\x94\x9b\x44\x21"
	"\x66\x0c\xcc\xbb\xe8\xa2\xad\xe1\x7f\x86\x56\xc4\xeb\x8a\x49\x53"
	"\xbb\xd4\xa1\x68\xc0\x5c\x1b\x51\x01\xca\x6d\xce\x24\xf5\x88\xbf"
	"\xee\xce\x59\xaf\x86\x49\x34\x24\x2c\x2f\x0d\x98\x73\xf3\x83\xd5"
	"\x7c\x0f\xa5\xa2\x9f\xb1\x40\x8c\xc1\xf3\x20\x21\xc3\x7c\x87\xb0"
	"\xc9\x6f\xcd\x25\x00\x25\x14\xd4\x3c\x80\x51\xff\x71\x90\x0a\x62"
	"\xce\xa4\xa2\x11\xd0\x0d\x73\x1b\x29\x0d\x87\x8e\x95\xb5\xec\xf1"
	"\x4e\xf3\x70\xb8\x9f\x97\x85\xce\xd1\x3c\xe7\x0e\x12\xdc\x5f\x37"
	"\x38\x96\xfb\x51\xed\x07\x9e\x83\xc6\x49\xc3\xef\x40\x5f\x1c\x1c"
	"\x23\x38\x22\xda\xb6\x02\x55\x5c\x74\x5c\xe6\x1c\x9a\xdc\x26\x1a"
	"\xc4\x92\xba\x7c\xa6\x94\xca\x0e\x19\xe0\xc1\x5f\x67\x1c\x36\x06"
	"\x9e\xef\x12\x98\x71\x52\xac\xce\x33\x88\x5d\x86\x14\x4e\x63\xc8"
	"\x22\xa5\x9d\x90\x21\x14\x20\x1b\xb0\xf5\x3e\x91\x43\x4a\x85\xc7"
	"\x9a\x83\x24\x2a\x38\x2c\xa2\x0a\xca\x72\xd3\xb3\xc5\xdf\x24\x01"
	"\xc2\xda\xad\xc3\xd0\xa9\x21\xd6\x02\xd5\x86\x73\xd9\xdf\xa0\x17"
	"\x27\x41\x93\x07\x4d\x73\x37\x7b\x01\x04\x50\xb6\xb2\x9a\xb0\xeb"
	"\xdb\xe1\x5e\x7c\x18\xe4\x8a\xc8\x20\x2c\xe6\x19\x38\x1b\xec\x96"
	"\x22\xf7\x4a\x0f\x79\x9e\x80\x4d\xb3\x84\xda\x45\x13\xf0\x0f\xd7"
	"\x8a\x80\x43\x6b\xea\x95\x72\x4c\x0a\x16\xcc\x4e\x0d\x1d\x54\x38"
	"\x70\xe2\xfa\x34\x93\x2a\x0d\x81\x07\xbb\x61\x7f\x94\xae\x57\x3f"
	"\xba\xe7\x72\x87\x96\x72\xc2\x51\x2d\x2d\x05\x88\xa8\xc4\x90\xa6"
	"\xac\xdc\x6b\xb7\x76\x29\x2d\x79\x07\x03\xf9\x1c\x43\x09\xb5\xfb"
	"\xef\xf2\x2e\x55\x6c\xda\xb8\xae\xd6\xd1\xd5\xfd\x5d\xa6\x09\x33"
	"\x0f\x65\xc3\xec\xd3\x38\x54\xbb\xd5\x00\x13\xb0\xe6\xe8\x41\xb7"
	"\x4d\x61\x21\xe9\x75\xe7\x27\xec\x47\x83\x4a\xc6\x4d\x7c\xc1\xa2"
	"\x94\xc4\xa1\xa1\xdd\x8a\x4f\xb3\x41\x05\x0f\x66\x83\x58\x59\x67"
	"\x04\x61\x46\x42\x81\x04\x1b\x06\x4c\x55\x82\xb2\x4f\x17\x8f\xe4"
	"\x39\x33\x8d\xea\x1a\x51\x6e\x12\xd1\x6f\x29\xad\x48\xa8\x69\x55"
	"\x13\xc6\xed\x8a\xe1\xaa\xa5\x25\x65\x2f\x7c\xc2\xc6\xbf\x20\xc4"
	"\x26\xf1\x96\xdc\x88\xd2\x0e\x58\x10\x58\xa4\x20\xf2\x4d\xe3\x74"
	"\xf2\x30\x74\xae\x2b\x6a\x94\xc2\x08\x83\x21\x2f\x00\xe3\xb0\x76"
	"\x7e\xc0\x4a\xea\xd7\x2b\xd5\x6e\x3a\x41\xaf\x1c\xfd\xa1\x17\x0d"
	"\x02\xf3\xb4\x56\xdb\x04\x77\x5e\xd9\xc4\x7c\xad\x61\xf5\x67\x53"
	"\x6b\xe3\x2a\x77\xa5\xca\xf1\x65\xfb\xc3\xd7\xe7\xc3\x8f\xdd\xd3"
	"\xdd\x7e\x42\x7f\xee\x9f\x20\x32\x21\x10\xa3\xf8\x18\x9b\x40\x94"
	"\x67\x38\xbe\x03\xc4\xb1\x59\x99\x75\x01\x71\xbd\xdb\x0e\xeb\x93"
	"\xbf\xc6\x04\x4f\x02\x44\xce\x5d\x31\x1f\xf8\x18\x6a\x84\xda\x99"
	"\xb1\x46\x12\x71\xe1\xf5\x0f\x2c\x1b\x5c\x39\x34\x6a\x67\xf2\xd4"
	"\x7d\x92\xf3\x24\x23\x12\xa2\xda\xf5\x00\x19\xe2\x4a\xe9\x20\x75"
	"\x9b\x19\xee\x46\x23\xc8\x44\x0e\xfe\x58\xa5\x21\x76\x27\x80\xa2"
	"\x93\x80\xfe\x7b\x99\xc3\xce\xe7\xc9\x20\x13\x2d\x22\xe6\x4b\xc0"
	"\x1b\x0d\x06\xd8\x52\xae\x6e\x46\x72\xc9\x48\x6c\xd9\x48\x49\x13"
	"\x75\x78\x63\x3a\x93\x85\xcc\xef\xa4\x61\x80\x41\x9a\xe7\x34\x50"
	"\x87\x4f\x67\xdf\x81\x9f\x12\xb2\xd8\xf2\x49\x95\x8d\x55\x67\xae"
	"\x95\x50\x48\x4e\x8d\x84\xde\xe9\xd2\x33\x13\x5f\x49\x52\x74\x50"
	"\xb5\xab\x5a\xf9\xda\x73\x1b\x04\x3f\x64\x05\x5a\x5a\x1b\x25\x49"
	"\xc0\x3f\xcd\x53\x8c\x33\xc0\xa1\x48\x58\x7a\x39\x3b\x1f\x43\x20"
	"\xd7\x97\xf3\x01\x0a\xf5\xe2\x37\x84\x66\x1f\xc0\x03\x7a\x6d\xf4"
	"\x04\xe1\x99\xbf\x56\xb2\xa8\x1d\x74\xe3\x88\x8f\x63\x1a\x91\xb8"
	"\x54\x52\x82\x1d\xb1\x21\x71\x41\x2f\xa7\xff\xdc\xef\x77\xf7\x53"
	"\xe3\x3f\x23\xc5\xba\x06\x2f\xa3\x4f\x48\xd3\x87\x20\x3c\x8c\x49"
	"\x24\xfa\xf0\x7c\x2b\x60\x6d\xaf\xfd\x55\x44\x02\x70\x70\xe2\x88"
	"\x83\xc7\xbc\x4a\xfa\x79\x1c\xeb\x28\x30\x1a\x1b\x73\x58\xf3\x2a"
	"\xfa\x68\xab\x2d\x65\xd1\xca\x95\x1c\x12\x85\x63\x28\xd0\x20\xe6"
	"\xe5\xe0\x2e\xe9\x80\xdf\xd4\xfb\x5b\x9e\x42\x6b\x42\x16\x73\x87"
	"\x0a\x2b\xcb\x55\x13\x89\x0a\x23\x3a\x11\x49\xd6\xcb\x15\x27\x3c"
	"\xa0\xe0\x10\x9a\x7a\x1c\xc2\x31\x49\x49\x1e\xdf\xc0\xef\xd2\x3a"
	"\x63\xb2\x48\xe7\xd7\x55\x1a\x53\x5c\x2e\xdc\xe1\x55\xa1\xf2\xa3"
	"\xdd\x2c\x99\xf2\xd4\xd7\xca\xcf\x55\x97\x1c\xe6\x36\xa6\x7e\x79"
	"\x3d\x53\x79\xd5\xbf\xa8\x9d\xd5\xb0\x70\x6e\xe6\xef\xe3\xdc\x2e"
	"\xde\xc7\xf1\x3f\x30\x96\xff\x81\xb1\x42\x37\x8e\x81\x11\x49\x71"
	"\x76\x1d\xd7\x48\xdd\x39\x23\x34\x7e\x77\x14\x2f\xe6\x3c\xb9\x7e"
	"\x9f\x9b\xfc\xdc\x89\xa3\x23\xec\xdd\x8f\xd7\xb7\xa7\x6f\x13\xb9"
	"\xfb\xf2\x7a\xf6\xcf\xa3\x19\x5e\x27\x04\x16\xa7\xe2\x93\x16\x39"
	"\xf8\x94\xce\x04\x98\x81\xb6\x05\xdb\xd7\xa0\x9a\x73\x32\x49\xad"
	"\x79\x9f\x94\x13\xb1\x10\x04\xdc\x9f\x34\xb2\x7d\x36\xc5\x61\xf6"
	"\xb8\x3b\xe2\x59\x0a\x2d\x8f\xfb\xbb\xea\xce\xac\x21\xa2\x2f\x00"
	"\x7c\xb4\xc1\xee\xf8\xa7\xd2\xca\xf4\x9a\x0d\x83\x49\x8c\xf1\xf7"
	"\x30\xdc\xf3\x93\xf9\xf9\xe2\x64\x14\xa1\x64\xa8\xdb\x23\x28\x34"
	"\x07\xcb\x3f\x02\xcf\xfd\x44\x48\x6f\x18\x81\x5e\xdf\xa4\x7c\x64"
	"\x8e\xeb\xc5\x30\x0c\x2c\x07\x18\x23\x9f\x64\x23\x93\x8c\xa3\xd9"
	"\x7a\x18\xba\x62\x62\x44\x80\x09\x0d\x18\xd8\xa8\xf5\x18\x86\xe0"
	"\x23\xb3\x4f\x36\xe0\x81\x0c\xb9\x74\x57\x70\x6e\x74\xec\xc8\x9a"
	"\xa7\xc4\x54\x3a\x3d\x03\x26\xf9\x98\x0c\x22\x3e\xc6\x82\x47\x53"
	"\x38\x65\x46\xe4\xbb\x22\x7f\x8d\x88\x4f\xf8\x85\x47\x86\xc1\x57"
	"\xc9\x7c\x36\xa2\x40\x89\x48\xce\x2f\x16\x67\x23\xe4\x83\xe4\xf4"
	"\x74\x3a\x0c\xcf\x29\x89\x47\x17\x00\x08\x2c\xe7\x17\xe3\xf0\xc5"
	"\xc5\x3b\x1c\x9e\x2c\xc6\x09\x9c\x8c\x71\x08\xc7\xb2\xbf\x62\xd9"
	"\x08\x05\x4a\xa4\x8c\xc7\x64\x7c\x93\x5e\x15\x70\x86\xe7\x63\x72"
	"\x48\xa9\x20\x63\xa6\x40\xe2\xc5\xd9\xf5\x6c\x84\x53\x49\xa3\x7c"
	"\x64\x29\x45\x96\x07\x23\x9d\x57\x45\x1a\x8c\x71\x58\x21\xcc\x87"
	"\x31\x8a\x94\x65\x78\x25\x37\x8c\xb1\x81\xf0\x3b\xa7\x62\x64\x9a"
	"\xd7\x78\xf6\x0f\x83\x6f\xaf\x47\x60\x20\xe5\x24\xeb\xd9\x61\xef"
	"\x0d\x2f\xa7\x5e\x5e\x9e\x0f\x47\x23\x7c\xf1\x8d\x70\x16\x7e\x54"
	"\xf7\x7e\xc2\xd9\x58\xfb\x23\x36\xb0\x0d\x16\x8d\xd0\x8a\x51\xf4"
	"\x22\xbc\xc2\x95\xb8\xc2\x4e\x89\xe8\x8c\x3b\x74\x1d\x89\xb0\xab"
	"\x82\xe5\xeb\x4e\xec\xc6\x46\x62\x1e\xc5\x95\x2c\xbc\x41\x20\xe3"
	"\x9b\x41\x18\xc4\xb1\xc3\x30\x22\x98\x5b\x75\xaa\xac\x3b\x62\xf5"
	"\x0f\x40\x68\xbb\x7b\x7e\x3a\x1e\x9e\x1f\x31\x3b\x7e\x7f\x78\xf8"
	"\xa9\x43\x48\x7d\x0e\xee\xee\xf7\x18\x65\x02\xd6\xde\x40\x33\xd7"
	"\xca\x92\x2b\x78\x94\x10\xf6\x80\x1f\xbc\xea\xdc\x48\x58\x9c\x86"
	"\x12\xfe\x9e\x4d\xa7\x83\x08\xd8\xbb\x5e\xcf\x21\x24\x5a\x5e\x63"
	"\xb4\x73\x3d\x48\x64\x58\x49\x9b\x21\xaa\xdd\x02\x61\x6e\xf2\x31"
	"\x44\xea\x93\x64\x50\x69\x92\xae\xd2\x24\x95\x26\x29\x29\x05\xfb"
	"\xd7\x87\x6f\x4f\xdb\xdd\x41\x49\x13\x82\x75\xf8\x87\x18\x90\x62"
	"\xb0\x2d\x33\xf0\xf5\xc7\xa5\x38\x78\x68\x2a\x12\x78\xac\x0d\x43"
	"\xd7\x2c\x67\xe9\x80\x43\x89\x08\x5d\x37\x52\x73\x45\x37\x23\x5d"
	"\x4a\x62\x26\x7c\x9a\xd6\x78\x26\x44\x8f\x1a\x49\x59\x05\x86\x68"
	"\xd6\xa9\x92\xf4\xe9\xfe\xe5\xf9\xe1\xa9\x2b\x9a\x92\xa6\x81\x8a"
	"\x7e\x9c\x9d\x5e\xff\x7e\x38\xde\x7d\x77\xab\xb3\xbd\xff\xb6\xf0"
	"\x07\x02\xe8\x95\xa4\xfe\x50\x92\x25\x6c\xef\x89\x54\x33\x04\xbc"
	"\x93\xfd\xe1\xb0\x3b\xee\x26\x7f\x3f\x1f\xfe\xbd\x3b\x3c\xbf\x3d"
	"\xdd\xbf\x4e\x7e\x3e\xec\x26\xc7\xef\xfb\xc9\xee\xf1\x08\xfd\x76"
	"\x47\x18\xef\x75\xf2\xf5\xb0\xfb\xb1\x47\xac\xd6\x96\xe9\x78\x19"
	"\xa6\x4b\x64\x91\x94\xe7\xf3\xd3\xc5\xec\xa2\x1b\x68\xb7\xd0\xb3"
	"\x51\xe8\x72\x7a\x3a\x0c\x9d\x5d\x2c\xcf\xe6\x83\xd0\xc5\x7c\x7a"
	"\x76\x32\x08\x5d\x9e\x9c\x8d\x8c\xbb\x5c\x2c\x87\xa1\xb3\xe9\x7c"
	"\x79\x36\x3b\x1f\x04\xcf\xce\xcf\xcf\xcf\x16\x83\xe0\xe5\xe9\x62"
	"\x3e\x1f\x64\x6c\x76\xb2\x9c\x2f\x47\x88\x2b\xf0\x30\x6b\x67\xcb"
	"\xf9\xf4\x62\xb0\x37\x88\x7a\xb9\x38\x37\xd2\xcb\x3e\xd9\x30\x68"
	"\xaf\xe1\xf3\xf9\xc2\x14\x59\x17\xba\x80\xd1\x87\xa1\x67\xcb\x93"
	"\x61\xca\x8b\xe9\x6c\x66\x50\xc6\x2d\x5b\x86\x24\xc6\xb8\xa6\x15"
	"\xeb\x74\xf1\x2e\xc6\x45\x07\xe3\x2a\x08\x41\x47\xa6\x0d\xca\x74"
	"\x7a\x6a\x0c\x23\xb8\x0f\xf1\x0c\xc4\xc7\xad\xc7\x83\x37\xe4\xcc"
	"\xcc\x11\xa1\x6d\x89\x19\x06\xe7\xcd\x30\xa7\xb3\xd3\xe9\xf4\x7c"
	"\x3a\x1f\xe7\x86\xce\xa6\xcb\x59\x57\xd2\xcb\xb5\xca\x21\x09\xdb"
	"\xa7\x46\xc8\xec\xb4\x02\x0d\x38\x0c\x88\x73\xba\x74\xe0\x58\x18"
	"\x1b\xa2\xb3\x3e\x8b\x8b\xfe\x08\x35\x6c\x79\xfe\x5e\xf7\xcb\xc5"
	"\x45\x37\xef\x55\x77\xed\x67\xc4\x74\x8f\xe5\xb9\x91\xa3\xcc\x0a"
	"\x68\x8c\xd0\x42\x31\x92\x0e\xde\x5b\x25\xbe\x65\x0d\x55\x9b\x48"
	"\x5c\xc1\x7d\x9a\xab\x1b\xc7\xcb\x26\x6f\x56\x1f\xe3\xd6\x6d\xbe"
	"\x8e\xde\xd4\x45\x70\x5d\xf5\x56\xe1\xbd\x87\x93\xc3\xbf\xcc\xdc"
	"\xba\xc2\x82\x41\xa3\x8c\xf1\xcb\xd9\xfc\x7c\x6a\x54\xf0\x14\xce"
	"\x2b\xd4\x15\x8f\x29\x5e\x75\xab\x64\x51\xa7\x4a\xa8\x73\xbc\xb7"
	"\x80\xf9\xc9\xb4\x83\xba\x18\xf0\x04\x34\x15\x37\x99\x4b\x20\x63"
	"\x0b\x76\x95\x63\x25\xce\xd0\x7d\x7c\x95\xce\x06\x35\x52\x79\x6c"
	"\x47\x79\x95\x9e\x8c\x16\x0f\x66\xac\xe2\x2e\x29\x55\x41\x06\xf0"
	"\x4a\x92\x83\xe0\x36\x89\x6c\x87\x1f\x31\xf5\x65\x2d\x7e\xd7\x00"
	"\x21\x9c\xf8\x2e\xf2\x6d\x29\x62\x16\xa6\x98\x9f\x64\xe6\x1d\xc2"
	"\xb6\x93\xe4\x6f\x53\xc9\xed\xe4\x57\x45\x44\x65\xec\x85\xdd\x7c"
	"\xd9\x96\xa4\x52\x01\xcb\x2c\x09\xf4\x5d\x80\x43\x30\x3e\x01\xf9"
	"\x42\xf8\x9b\x52\x75\xff\xd7\xdd\x0b\x41\x42\xd4\x0d\x01\xe3\x8e"
	"\xd4\x31\x02\x15\xa0\x04\xb6\xa3\x34\x01\x26\x2f\x2f\xac\xda\x5c"
	"\x2c\x61\x5a\x91\x80\x6f\x31\x19\x19\xeb\x54\xad\xe5\x46\x60\x5a"
	"\xd7\xf2\xae\x49\x4e\xb0\xa8\xca\xed\xdc\x54\xc0\x6e\x21\x95\x13"
	"\x79\x4d\xaf\xa9\xdb\xbd\xf4\x73\x22\x56\x65\x50\x24\xee\x78\xf2"
	"\x7a\x20\xe7\xc4\xd7\xf1\xb2\x8c\x0a\x77\xc9\xae\xae\xca\xc0\xf2"
	"\x16\xdc\x2d\x3c\x07\x77\x12\x53\xd9\xed\xed\x53\x8a\x89\xec\x2a"
	"\x65\x0a\xbe\x1f\x8d\x07\x76\x85\xba\x59\x28\xbd\x9c\xa4\x2a\xe5"
	"\x49\x03\xe6\x4b\x9e\x3b\xb3\xb4\x0a\x93\xc6\x73\x08\xe9\x10\xa7"
	"\x7b\x09\x50\x0a\xe1\x05\x76\x89\x1d\x5e\xcf\x6f\x40\x0b\x63\x72"
	"\xc3\x0b\x39\x68\x32\x25\x89\x22\xbc\xa6\x0f\x82\xbc\x24\x9e\x11"
	"\x2d\x55\x49\xf8\x4d\x20\x8c\xab\xc2\x84\x49\x16\x61\x96\x59\x64"
	"\xc0\x47\x4e\x6b\xe6\xe1\x94\x01\xae\x6e\x2c\xae\x36\xe7\xc6\x25"
	"\xbe\xa1\x08\xdb\xac\xa4\x49\x11\x77\xee\x43\xfc\x6c\x76\x52\xd6"
	"\xb7\x71\x0e\xb8\xa0\x12\xec\xb1\x0b\x52\x09\x60\x5b\x4a\xe9\xe5"
	"\x53\x74\x49\x6b\x47\x1d\x20\x3f\xcf\x3f\xcf\x26\xbb\xc3\xdd\xf7"
	"\x87\xe3\xfe\x0e\xbc\xc0\xdd\xa3\x59\x36\x64\x51\x80\x0d\x48\xc2"
	"\xc0\x4b\xfa\x47\x44\x6f\xb0\x18\x76\x09\x91\x3c\x61\xbe\xe3\x24"
	"\xdc\xac\xfa\xc9\x49\xcd\xc9\xfc\x83\x9c\x14\x84\xf7\xc9\x66\x09"
	"\x4d\x06\x57\x11\xb4\x1c\xeb\xd9\xfb\x52\xd9\xf4\x76\x39\x18\xac"
	"\x02\x4e\x8f\x2c\x36\x8d\x4c\x4e\xb1\xe0\x5c\xda\xe6\x4a\x5f\x91"
	"\x61\xc5\x00\xde\xe1\xba\xda\x2b\x5a\x39\x8d\xb0\x0e\xa0\xba\xd5"
	"\xd6\x59\x80\x67\x60\xf3\xf9\x05\xd3\xb0\xc6\xf4\xfc\x24\x40\xeb"
	"\x73\xf9\xe9\xee\x1b\x38\xdd\x2f\xe5\xfd\xc3\xeb\xee\xcb\xe3\xfe"
	"\xf2\x05\x84\xf0\x0a\x92\x30\x6a\x32\x2a\xd4\x32\xcc\xc1\x35\xf1"
	"\x38\x97\x31\x27\x9d\x7c\x49\x07\x13\xe6\xaf\x8b\x99\xfb\x34\xba"
	"\x55\x1d\x0d\x06\x0d\x99\xab\x88\x44\xd5\xd5\x69\x71\x91\x2c\x03"
	"\xaa\xb0\x43\x02\xe9\x95\x2c\x81\x63\xc7\xb8\x71\x4a\xa2\x32\xba"
	"\x45\x88\x39\x2a\xb6\x06\xd2\xfb\x28\xdd\xca\x4e\x28\xd2\xa5\xae"
	"\xa9\x67\x3f\x76\xdf\xf6\x9f\xbf\xfd\xdf\x1f\xf7\xc7\x2f\x9f\x3e"
	"\xc6\x94\xae\x00\xb2\xaa\x5a\xcc\x0e\xd5\x20\xb8\xa7\x31\x1f\x84"
	"\xab\x85\xf5\x2c\xef\xf0\x58\xa4\x75\x87\x86\x4f\xe3\x4a\x28\xbf"
	"\xe1\xa0\x94\x85\x7a\x5f\x41\x72\x30\xcf\x41\xb7\x32\xb1\x3a\x39"
	"\x64\x09\xde\x49\xae\x6f\xa5\x2c\xe3\x62\x10\x53\x77\xd8\x2b\x1a"
	"\x67\xfa\x32\x4c\x07\x82\xcf\x7f\x43\xe0\xf7\x63\xf7\x04\xd2\xf8"
	"\xb1\x7f\x72\xe8\x93\x28\x44\x66\x15\xb0\x57\x0d\x46\x2d\x58\xeb"
	"\xa0\x55\x20\xb1\x66\x99\xba\xee\x1f\x28\x45\x85\xae\x57\xfa\x19"
	"\x87\xba\x58\x57\x55\x55\xc6\x75\x17\x97\xa4\x7a\xe4\x61\xba\x3e"
	"\xcc\x03\xe9\x28\xbb\xe4\xca\x29\x24\xa5\x88\x29\x35\xae\xd3\xea"
	"\x96\xea\x92\xad\xb5\xda\x89\xaa\x97\x52\x30\x37\xa1\x2d\x59\x53"
	"\x55\x9c\x6e\x11\x6b\x5a\x2b\xd6\xa6\x16\xc9\x16\x1a\xf9\x4e\xaa"
	"\x1d\x16\x86\xca\xd2\x00\xe4\xc7\x6b\x6b\xe0\xfa\xe6\xb0\x4d\xe7"
	"\x35\x84\xb6\x57\x65\xc6\xb7\x68\xcc\xc3\x90\xf9\x0c\xeb\x0a\x2a"
	"\x7f\xca\x4d\xba\x43\xca\x21\xb2\x2e\x06\x0f\xad\x5a\x3f\x3d\x91"
	"\x7a\x63\x03\x6a\xe4\xf6\xce\x8c\xc5\xc2\x32\x1f\xc1\x1c\x2e\x60"
	"\xa5\x2b\x06\xb8\xae\x26\xaf\xb4\x32\x69\xb4\xb2\x49\xb0\x01\x8c"
	"\xdd\x3f\xee\x0d\x6b\x87\x85\xcd\x81\x49\xbc\x6e\xd1\x75\x4f\x19"
	"\xbe\x7f\xc8\xd9\xa6\x53\x69\xd1\x20\x45\x7c\x53\xc6\x70\x30\x0f"
	"\x64\x78\x2d\x3c\xf0\xc7\x5c\xf7\x22\xb0\xf7\x14\x0a\xd6\x86\x53"
	"\x61\x9c\x8b\x0d\xbb\x93\xa0\x49\xac\xb4\xc7\x04\xd2\xae\x38\x6f"
	"\xe6\x16\x1e\xf6\xff\x79\xdb\x3f\xdd\xfd\x9a\xbc\xde\xed\x1e\xad"
	"\xc2\xf9\x7a\xdb\xd8\x13\x55\x1b\x09\x79\x23\x52\xe6\xa5\xae\xb7"
	"\xec\x82\x91\x2f\x47\x33\xfa\x7c\xc2\xd1\x5e\x6f\xbc\x6e\x7b\x5d"
	"\x0f\x84\xa3\x0d\x15\xc0\x39\x71\x51\x41\x05\x78\xae\x83\x02\xee"
	"\x75\x69\x6c\xc2\xc7\xbb\x70\x30\xd5\xc0\x4f\xf0\xf1\x1e\x58\x6d"
	"\x4d\xf3\x8d\xaa\x11\xf8\x78\x2f\x15\x3d\x15\x92\xc5\x63\x96\xad"
	"\x2f\x22\x27\x46\x2d\x98\x01\xb8\x69\x19\xfb\x4c\x7d\x7c\xd2\x1f"
	"\x9e\xec\x50\x61\xbc\x45\xa9\x11\x80\xa9\xb7\x5f\xbb\x7a\xeb\x4a"
	"\x25\x02\xa2\x16\xa7\x1c\xe2\x40\x83\x8b\x24\xb9\x19\x4a\x70\xa8"
	"\x9c\x41\xcc\xf0\x6a\xaa\xee\x30\x88\xaa\x12\x2e\x35\x55\x3c\x49"
	"\xdd\x9e\x9d\x8d\xb7\xda\x76\xbc\xc2\x2e\x78\xe4\xae\xa2\x91\x53"
	"\x22\xdc\xc9\xe4\x2b\x9e\xb3\x2b\x17\xdf\x4a\x4c\xe1\xc3\xe1\xc7"
	"\xdf\x98\xf0\x76\x5a\x8b\x4c\xe0\x55\x40\x8f\x3b\xd5\xac\x8a\x85"
	"\x07\xef\xa8\xe0\x1c\xf4\x13\xbc\x0c\xe1\x92\xfb\x3c\x1e\xc1\xca"
	"\x3e\x82\x15\xd0\x52\xd5\xd3\x84\x43\xfb\x33\x64\x79\xb2\x85\xe0"
	"\x18\xa3\x77\x08\xd2\xdc\x38\x10\xc0\x86\x55\x19\x9b\x63\x59\x94"
	"\xcc\x81\xeb\x4e\xf6\x0c\x5a\x4a\x55\x8c\xd5\x4a\xb4\x6e\x86\x90"
	"\x38\x45\xef\x55\x97\xcf\x0c\x1f\x82\x55\x7a\x00\x3a\x25\xbe\x6f"
	"\x25\x97\x22\xce\x23\x7c\x7c\x51\x71\xdf\x5b\x1e\xb9\xff\x76\xd8"
	"\x4d\xbe\xd6\x8b\xa4\x15\xbc\x5d\x23\xbc\xbf\x90\xb7\xf8\xd8\xa2"
	"\xfb\x9e\xa9\x80\x60\xfe\x76\xc8\x6f\xa9\x0a\xc3\xf2\x9b\xcc\x7c"
	"\x7e\xaa\x7f\x63\xa8\x3f\x3f\x39\x6d\x4a\xd0\x8c\x80\xbb\x06\x9f"
	"\xcc\xe6\x1a\xec\x7c\xdb\x59\x63\xcd\xea\x61\xa8\x73\x08\x13\x3a"
	"\x36\x46\x39\x64\x90\x1b\xd4\x45\x9f\x99\x1e\x56\xb2\xf8\x18\xb5"
	"\x64\xe9\xc4\xb3\xb1\xa2\x15\xa6\x1e\x46\xf8\xf7\x73\x7f\x31\xff"
	"\x00\x21\x42\x45\xb7\xd4\xaf\x0b\x71\x89\xcf\x04\x96\xbe\xa9\xb0"
	"\x2e\x04\xcf\xf4\xec\x7a\x08\x58\xf3\xe5\x44\xf1\x57\x04\xfe\xcc"
	"\xa7\x9d\xaa\xb0\x0a\x9a\xf1\xf8\x66\xb6\x98\x9e\xd4\xd0\xae\x04"
	"\xda\x01\x3c\xd1\x53\xea\xfa\xb9\xb5\x11\x33\xef\xff\xb8\xdf\xbf"
	"\xec\x9f\xee\xed\x60\xa0\x4d\x03\xe9\x5a\x32\x87\x24\xff\x2a\x92"
	"\x0c\x7c\x29\x8f\x5a\xf7\xc7\xe8\x7d\x80\x3f\xb9\xa6\x98\x62\xa3"
	"\x71\x38\xf0\x44\xbb\x57\xa2\xa6\x36\x6a\xeb\xd6\x16\xa9\x4a\x89"
	"\x61\x16\xc5\xf7\xad\xe7\x39\xfa\xed\xb5\xb3\xfb\x3a\xa7\xd2\x09"
	"\xb0\x8a\xc9\xdb\x8c\xa1\x2a\x4a\x5c\x71\xbe\xee\x00\x31\x2f\x87"
	"\xb5\x9b\x2c\x2a\x78\xe1\xa8\x23\x84\x08\x43\xbb\x80\xfa\x29\xad"
	"\xe3\x99\x30\x02\xb1\xc0\x1c\x5d\x34\xb3\x00\xb0\x49\x1b\x82\xaf"
	"\x20\x59\x78\x53\xbf\x9c\xe8\x23\x40\xc7\x2a\x1d\xea\xe4\x5c\xbf"
	"\xa8\x17\x32\x2f\x7c\x59\x6e\x57\x4c\x52\xfb\x05\x9d\x42\xcd\x69"
	"\x04\xba\x80\xf1\x19\xe6\x0d\x2b\x49\x42\xa0\xdb\x15\x06\xd6\x64"
	"\x77\x9a\xac\xa0\x44\xb5\xc0\x51\xe8\xc1\xa0\xfa\x91\x8a\xab\x4c"
	"\x1b\x47\x73\xb5\xeb\x52\x6a\xc5\x01\xe6\x0c\x5d\xd3\xb1\x54\xc9"
	"\xe2\xcc\x2f\x4a\x5d\xf1\x18\xea\x17\xe2\xb6\x98\xf4\xd2\xea\x67"
	"\x6f\x7e\x92\x61\xf9\x68\x97\x7c\xa5\x45\x95\xa4\x32\x2b\xd7\xa0"
	"\x67\xaa\xfb\xe9\xaf\x03\x0c\xc0\x02\x5e\xf4\x03\x1a\x95\x1f\xae"
	"\x32\x7a\x2c\xc3\x7b\x5b\x7c\x43\x5d\x7f\x76\xc0\x31\xcb\x2a\x5d"
	"\x0b\x47\x4e\x2c\x3b\xb7\xc1\xce\x76\x9d\xfe\x45\xc1\xe1\x29\xad"
	"\x72\x94\x86\x35\xd0\x9f\x6e\xb0\xc1\xea\xf5\xaf\x41\x78\xa0\x6f"
	"\xa7\x13\xc8\x86\x0f\xbf\xd5\x8b\xd1\x22\xd9\xdf\x9f\xb0\x11\xe4"
	"\x8a\xa5\xb1\x79\x9a\x61\x8f\xb4\x73\xe7\xd1\x50\x79\xf7\x05\xa1"
	"\x2b\xdf\xdd\x5a\x97\x2e\x70\xe8\xc8\xc7\xed\x8b\x97\x78\xb8\xc5"
	"\xd7\x56\xd5\xb7\x02\x0f\xbc\x3b\xee\x60\x8d\xbe\x39\xb6\xcc\x48"
	"\x8a\x17\x1c\xb4\xba\x2f\x70\x28\x99\xd6\x57\xbc\x4b\xd8\x24\xa4"
	"\xbb\x05\xc0\x85\xa9\x6f\x49\xa8\x8f\x65\xed\x46\x6e\x58\x25\x03"
	"\x85\xba\x42\xc0\x77\x2f\x58\xe4\xec\x30\x16\x0a\x54\x67\x10\x5d"
	"\x43\x5b\xf5\xe4\x1d\x02\x36\xac\x2d\x44\x77\xf4\x36\x8a\xc8\x87"
	"\x88\x98\x28\x6d\x2d\xba\x1f\x63\xc1\x34\x3e\x80\x04\x5f\x2b\x30"
	"\x3a\x73\xfc\xec\x06\x8b\xaa\xe4\xc0\xa2\x97\x2a\xaf\xe0\xba\xca"
	"\xb4\x07\x5d\xcc\x3d\xa6\x6f\x33\x5c\x93\x46\x51\x77\xaf\x4c\x5c"
	"\x6d\xad\xcd\x95\x60\xbc\x65\x9d\xd8\xcb\xb7\xd7\xe6\x96\x19\x04"
	"\x75\xbb\xd7\x09\x5c\x47\x77\x17\x28\xa7\xa1\x52\xae\xce\x03\x26"
	"\xe3\x5e\x0b\x16\x1d\x7c\x9a\x2a\x9d\x8c\xc5\xb6\xf6\x85\x0f\x56"
	"\x8b\x80\x27\xd1\xd0\xa1\x79\xee\xbc\xf0\x68\xf8\xb4\x3f\xe7\x52"
	"\xfd\xd2\xee\x81\xcf\x37\x7f\x7c\xd9\xbd\xee\xef\x27\xff\xd6\x75"
	"\x1e\x2f\x87\xe7\xaf\x0f\x55\x66\xa2\x75\x9d\x01\xad\x12\xc5\xd8"
	"\x38\x0a\x4d\xbf\xbb\xa0\xf6\x43\x26\x5d\x21\x0f\x26\x0c\x6f\x62"
	"\xad\x92\x35\xd8\x96\x09\xbe\xd5\x32\x8f\x70\xf5\xda\x49\xe0\x13"
	"\x9b\xf6\xbb\x38\xd5\xc6\xb0\x8a\x9f\xb5\x70\xf5\x4d\x12\xc6\x06"
	"\xae\x22\x6a\x8d\x53\xa8\xd8\x61\xb0\xb3\x06\xbb\xbb\x57\xf6\xdd"
	"\x35\xb2\xc8\xfd\xe6\xeb\x32\xce\xaf\x39\xd4\x78\xe6\x43\xf2\xb6"
	"\x4d\x0f\xee\x84\x74\x6a\xf4\x0c\x08\x7a\xfb\xee\x0a\x6f\x0b\x67"
	"\x3e\x5f\x7e\x04\xeb\xe4\xf4\x03\x58\x8b\xf3\xe5\xe8\xdc\xaa\x18"
	"\xc2\x39\x11\x74\xdf\x2f\x3f\xbd\x7e\xdf\x01\xc2\xa7\xde\x00\x75"
	"\x66\xdc\xc9\x04\xec\xa0\x04\x56\xa6\x50\x79\x73\x7c\x05\x37\xc8"
	"\x84\xd0\xdf\x26\x88\xc1\xb1\x33\x7d\x2f\xaf\x7a\xf1\x6e\xbc\x6a"
	"\x15\xbe\x60\xb0\x01\xae\xf0\x52\xd2\x86\xe0\x7b\x57\x4f\x58\xb1"
	"\x9d\xd1\xdc\xf9\x48\x4e\x0f\x05\x03\xe6\x28\x67\xf2\x66\x14\x0b"
	"\x6f\x3a\x83\x51\x0c\x70\xf3\xb8\x94\x31\x73\x1e\x9b\x88\xc4\xb8"
	"\xfa\x9e\x87\x69\xff\xb0\x59\x16\xb9\xc7\xf5\xa3\xf3\xee\x0c\xea"
	"\xfb\x1b\xe5\xad\xe4\x83\xa3\x6f\x3d\x39\x08\xab\x5e\x51\x33\xfc"
	"\xbc\x04\x4d\xfd\xe1\x27\xc3\x58\x54\x10\x8a\x2e\x07\xb8\x80\x3c"
	"\x23\xf1\xd0\x94\x52\x7d\xf3\x94\xaa\x78\xc6\xb2\xfa\x4e\x30\xd6"
	"\xd8\xc4\xd5\xd3\x7a\x7d\xc5\xb1\x3b\x1c\x1f\x30\x8e\x99\xc8\x5f"
	"\x2f\xe6\x45\xa0\x7a\x51\xa6\xba\x90\x60\x83\x89\x3a\xcb\x02\x10"
	"\x9f\xe7\x69\x8b\xe3\x4e\x88\xb0\xeb\x77\x30\xb8\x08\xdf\xa3\x91"
	"\xc0\x71\xf6\x1e\x8e\x24\x39\x7b\x07\x27\x21\xbe\x1b\xa3\x49\x50"
	"\x04\x5c\xb4\x18\xdd\x8f\x9f\x04\x4c\xac\x95\xc7\xed\x26\xce\x52"
	"\x98\xaa\x28\xbc\x71\x1e\xf0\x0b\x23\x39\x13\xe5\xf5\xf9\xe9\x3b"
	"\xdc\x16\x40\x4f\x25\x89\xc6\xc7\x8d\x83\xe4\x1d\x42\x22\x7a\x4f"
	"\x30\x45\x0c\xa6\xe2\xbd\x75\x12\xc5\x7b\x6b\xbd\x86\x20\x9a\x8c"
	"\x4a\x98\x86\xcc\x2d\x5f\xfc\x40\xd7\xe9\xf9\x3b\xf4\x8d\x8d\x38"
	"\x38\x82\x32\x59\xbd\x8b\x3d\xdc\x06\xc9\x95\x5d\xff\xad\x31\xeb"
	"\x0f\xb6\x09\xa9\xf3\x52\xfa\x7b\x5a\xbc\xfd\xbe\x87\xb1\x1b\x18"
	"\xd7\x95\x41\x29\xe7\x86\x91\xac\x5b\x03\x08\x2f\xd5\xb5\x72\x0f"
	"\xe2\x87\xe6\x9d\x44\x78\x55\xd6\xd6\xa0\xf7\x25\x8b\xe6\x33\x36"
	"\x15\xad\xff\xa7\xec\xdb\x9a\xdc\xc6\x91\x74\xdf\xcf\xaf\xa8\x98"
	"\x87\x13\x33\x11\x3b\x3b\x22\x75\xdf\x88\x79\x00\x6f\x12\x2c\xde"
	"\x8a\x20\x25\xca\x2f\x8c\x1a\xbb\xa6\xbb\x62\x6d\x97\xb7\xaa\xbc"
	"\xdb\x73\x7e\xfd\x41\x02\x24\x05\x90\x48\x40\xdb\x11\x76\x5b\xc8"
	"\x8f\x20\x00\xe2\x96\x89\xc4\x97\x16\xee\x33\x99\xe9\xec\x49\x28"
	"\x9b\xe5\xa9\xe1\x9d\x7f\xfa\xf2\xcf\xff\x1a\xcf\x74\x79\xcb\xe0"
	"\x95\x50\x84\xa7\x6b\xa0\x1f\x66\x0e\x82\x20\x31\x5d\x50\x26\x2c"
	"\x57\x3c\xf7\x78\x77\x96\xf3\x10\x2b\x69\x2e\xf6\x0b\xb8\x73\x95"
	"\x74\x6a\xe8\xaa\xec\xa2\xde\xd1\x87\xfb\xe8\xe2\x61\x3e\x1d\x15"
	"\x97\x5c\xd5\xfb\xe4\x5d\x48\x44\x28\xbf\xb3\x59\x26\x6f\x30\xf0"
	"\xcd\x92\xa0\x7f\x8b\x04\x6c\x72\xb0\x89\x4b\xa6\x0f\x57\x17\xf3"
	"\xa3\xb3\x74\x59\xdc\xb2\x02\x7e\xa3\x8b\xd9\x49\xaa\xbf\x67\xc0"
	"\x57\x24\x38\x65\xd7\x5a\xfd\x70\x02\x5f\xed\x08\x5c\x71\x22\x38"
	"\x24\x13\xa9\xe6\x1d\x80\x02\xad\xe2\x03\x6c\xe4\xef\x44\x0f\x76"
	"\xb5\xfb\xd0\x4c\x68\x31\x77\x43\x59\x11\xde\x0b\x07\xdf\xc1\x7b"
	"\xb1\xbd\x25\xd9\x09\x87\xfb\xb9\xe1\xb5\xbb\x80\xb2\xcb\x9b\x58"
	"\x4a\x9c\xe5\x06\xce\x96\xec\xfe\xa2\x44\x71\x11\x34\x89\x7f\xef"
	"\x03\x0d\x0b\xee\x6e\xc1\x02\x6e\xef\x32\x13\xdc\xd4\x7e\xcd\x00"
	"\x44\xba\x10\x68\xec\xce\x37\x13\x38\xb6\xe7\xfd\x21\xa1\xad\xc9"
	"\x13\x6d\x74\x73\x10\xb3\x67\xfc\xc7\xf3\x97\x5f\x1f\xe0\x51\x23"
	"\xd8\x46\x1f\x04\xb5\xc0\x87\x32\x8f\x06\x34\x4f\x32\x70\x48\x4b"
	"\x66\xea\xa9\x49\xc4\x7f\x4c\x29\x11\xc4\x95\x5c\x30\x8d\x8d\x13"
	"\x1b\xe8\xf3\x3d\x91\x94\x69\x55\x90\xd9\xb2\xb0\xa2\xa5\xe6\x32"
	"\xd1\x0b\x32\xca\x8c\x8e\x18\xfc\x35\xbd\x01\x4e\xd4\x2c\x7b\xfe"
	"\xfe\xfa\xf6\x2f\xe5\xd4\xdd\xe0\x0b\x62\x74\xcb\xbc\x9d\xea\xf4"
	"\x3e\x99\x19\xc9\x1b\xe3\x7e\xee\xe6\xf6\x29\x21\x53\xc6\x41\xed"
	"\x6e\xb3\xb4\x85\xc8\x57\x95\x82\x45\xb1\x36\xe0\xc1\x25\xa9\x8a"
	"\xd5\x0d\xef\x4d\x74\x96\x27\x50\x33\x1f\xd1\x19\x62\xfe\xd2\x89"
	"\x72\x90\x17\xc2\x3f\x4a\x2b\x5f\x5f\x34\x95\x56\xed\xb6\x5f\xd2"
	"\x7c\x8b\x8d\x2d\x91\xd2\xba\x2b\x6b\xb9\xa0\x83\xe3\xf2\x4a\xeb"
	"\x2c\x13\xfb\x86\x81\x63\xb2\x3c\x5e\x99\x74\x29\xac\x47\x56\x82"
	"\xdb\x66\x85\x65\x96\x75\x52\x34\x0a\xdf\xd2\x89\xc7\xff\xbe\xf4"
	"\xb7\x9b\x9d\x79\xa9\xea\xab\x91\x10\x9a\x36\x7a\x1f\xd5\x25\x88"
	"\x82\x36\x37\x83\x99\xba\x61\x1a\xf3\xbd\x37\x78\xcd\x6a\x5d\xa9"
	"\x2a\xf2\x1a\xd8\xb8\x8c\xce\x68\x44\xf7\x40\x23\xb6\x43\xd9\x41"
	"\x6a\x3c\x68\x04\x29\x2f\x21\x61\xc0\x7f\x70\xbb\xcd\x5f\x16\xc8"
	"\x09\xe8\xe7\xa0\x31\xd9\x01\x3e\xb3\x6c\xe2\x28\x3d\x5c\xcc\xcf"
	"\x04\x9f\x98\xa6\x37\x0e\x60\x71\x34\x62\xa4\x08\x21\x60\xfc\xfe"
	"\xcc\x7b\x7d\x53\x1d\xc0\x12\x99\x10\x61\xaf\x55\x19\x6f\xb3\x81"
	"\x47\x04\xc9\x64\x38\x79\x10\xb4\x01\x7c\x2b\xc3\x87\x88\xda\xcd"
	"\x25\x23\x5b\xdc\x91\x1c\x14\x26\x2a\xfc\x0b\xc3\x94\xd0\x6c\xb2"
	"\xeb\x92\xf4\x19\x8a\xb1\x5c\x50\x69\x18\x9b\x46\x9e\x71\x00\x64"
	"\xb0\xb1\x1a\x27\x53\x02\x9c\x9e\x83\xfd\x59\xe5\x58\x01\xeb\xab"
	"\xa0\x57\x74\x5b\x84\xcb\x38\x6c\x06\x72\x07\x78\xe1\xc4\x83\xdc"
	"\x25\x97\x84\x4b\x83\x77\x05\xdf\x41\x5d\x86\xee\x7c\x02\x7e\x0b"
	"\x7d\x3b\x02\xc4\x62\x5c\xb9\x3c\x66\xa4\x3a\xd9\x8c\x5b\x65\xef"
	"\xb0\xab\x51\x94\x70\x6d\x08\x78\x52\xf8\xd2\x7d\x05\x0a\xbe\x44"
	"\x23\xaf\x23\x6d\x2f\x81\xc3\x1b\x76\xec\x2f\x7d\xf8\xeb\xcd\x8d"
	"\x3e\x63\x60\xa4\x34\x7c\x9c\x89\xa8\xa3\x87\x1c\x96\x0d\xd8\x55"
	"\xd5\xd7\xd2\x34\xd0\x28\x57\x91\x63\x30\x9d\xf1\x37\xd3\xac\x31"
	"\x93\xdd\xf1\x12\xc1\x0c\x3f\xe4\x2a\xba\x86\x28\x18\xdf\x5e\xa6"
	"\x57\x95\xf8\x04\xec\xbb\x7c\x49\x92\x5e\x89\xbd\xd7\x90\x42\xc1"
	"\x18\x68\x37\x3f\xe1\x2b\x08\xf7\x12\x53\x1a\xbc\xad\xa8\xa2\xc9"
	"\x30\x39\xf1\x45\xb7\x30\x1a\xdd\x04\x03\xce\x31\xa6\x59\xa4\x1b"
	"\x11\xe9\xe1\xd8\xef\xad\x21\xef\x40\x6e\x4b\xbd\x9e\x6f\x21\x0e"
	"\x0d\x0b\x5c\x31\x5f\xe0\x42\x5e\x35\x65\xde\xd7\x3c\xaa\xe4\x2a"
	"\xce\xd3\xf8\x56\xff\x04\xd7\xe8\x59\x7f\x4f\x47\xa1\x71\xe3\xb5"
	"\xa8\xb4\x16\x85\xc4\x78\x48\x13\x65\xc9\x9f\x3f\xe0\xb6\x1b\xb8"
	"\xc9\xcc\x56\x58\xde\x23\x4f\x3a\x6b\x9e\x4c\xe1\x1f\x86\x98\x06"
	"\x14\xe8\xd1\x9a\x1a\xd2\xf6\x7e\x13\x9a\xa6\x3d\x7b\xfa\x36\x49"
	"\xa7\xa6\xf1\xd6\x26\x95\xd2\x08\xf0\x4b\x50\xb0\x4c\x92\x7a\x4e"
	"\x31\x35\x69\xf4\x0c\x51\x4b\x20\x24\xac\x09\xe0\x04\x94\x1a\xcd"
	"\x43\x02\x21\xd7\xb8\x78\x92\xa3\x38\x3f\x66\xb5\xf4\x02\xd7\x5e"
	"\x55\xf6\x77\x1d\x94\x76\x3e\xc5\x1a\x2b\x4b\x9f\x34\xe4\x6c\xbe"
	"\x9d\x10\x95\x82\x0b\x30\x36\x4e\x3c\x54\xeb\x00\xb4\x94\x4e\x85"
	"\x3a\xa3\x30\x4f\x1d\xec\x47\x1d\x1f\x0c\xf5\x44\x8b\x84\x73\xbc"
	"\x00\xac\x95\x31\x3a\xbd\x0d\xf9\x82\xb3\xa2\x58\x36\xd8\x24\x07"
	"\x91\x6d\x8f\x21\xf5\xd1\x9c\x85\x04\x9d\xe3\x2a\x28\x54\x4f\x72"
	"\x2e\x29\xf3\x72\xfa\xbb\x8b\x8e\x61\x39\x79\x0b\x24\xc3\x2e\xc7"
	"\xec\xb2\xd3\x03\x2a\x52\x99\xe5\xa2\xf3\x97\x46\x7f\x67\x29\x3a"
	"\xc0\xae\x36\xce\x9a\x76\x32\x60\x4a\x60\x27\xcc\xf5\x9d\xe4\xf8"
	"\x04\x56\x94\x4c\xd4\xd6\xc8\xae\xc7\xf5\xbb\xa2\x38\xd1\xd9\xc0"
	"\x2c\xcf\x35\xd5\x93\x9a\x08\x7b\x77\x52\x34\x68\x25\xb9\xec\x56"
	"\x68\xac\xd3\x74\xe4\xa8\x12\x23\xc2\x1c\xc0\xf4\xf6\xee\xd3\x80"
	"\x5f\x0d\x39\x5d\xa0\xb2\xd8\x7a\x37\x17\x89\x72\x6f\x01\xac\x7f"
	"\x4d\x15\x74\xfd\xed\x98\x8d\x06\x11\x63\x64\xac\x9c\xf6\xb0\x29"
	"\x51\x8e\x40\xf0\x9d\x92\xdb\x36\x9d\xf5\x69\x82\xb0\x67\x10\xc4"
	"\xf1\xf4\x59\x98\x7e\xa6\xa5\x08\x4b\x53\x32\x7c\x92\x3e\x59\x6f"
	"\xaa\x8a\x5c\xb0\x39\x70\x7c\x05\xef\x5e\x70\x76\xad\x2c\x53\xf0"
	"\x16\xfe\xcf\x83\x6a\xe1\x9d\x8a\x02\xf5\x80\x75\x4c\x0d\x1b\x73"
	"\xfa\x85\xbf\xe2\x52\x14\xa6\x8c\x8e\xb5\x3e\xa4\x6e\x02\xc6\xff"
	"\x69\x9e\x7e\x47\xc8\x35\x48\x89\x1d\x72\xe6\x9a\x3d\xb3\x43\xf2"
	"\xb3\x5d\x0e\x56\x17\xe8\x3a\x76\x54\x5a\xba\x0a\x92\x17\x76\xc4"
	"\x35\x26\x47\x3b\x82\x6f\xb4\x68\x5e\x50\x47\x7d\xa2\xd0\xd9\x70"
	"\x61\x74\xb0\x03\x82\xa0\xb2\xa8\x42\xf2\x23\xcf\x0c\x8d\xe2\xeb"
	"\x23\x4c\x7f\x7d\x74\x06\xac\x64\x03\x60\xe8\x28\x56\x50\x35\x69"
	"\xca\x89\x78\xa8\xc4\xdf\xff\xf4\x8f\x97\x2f\x7f\xd2\x2b\x97\x45"
	"\x6b\x46\x8d\xc3\xa1\x3c\x6f\xd4\xe9\xfe\xbc\xe9\x97\x25\xd0\xa2"
	"\x13\x93\x44\x44\xe2\x98\x08\x24\x93\x29\x2c\xbc\x5d\x44\x22\x7d"
	"\x94\x6e\x66\xb3\xdb\xc6\x34\xbd\x6d\xee\x98\xdf\x36\xf3\x09\x0e"
	"\xde\x9e\xd1\x72\xa3\xaf\x4e\x3c\x91\xa6\x04\xcd\x05\x9d\xee\x36"
	"\x48\xaa\x73\xc2\xdb\x38\x66\xbc\xcd\x7c\xca\x9b\xd4\xfe\x26\x17"
	"\xad\xdc\x73\xc3\x62\x9e\xa0\xa2\x8a\xda\x12\x25\x52\x98\xae\xd8"
	"\x0f\x69\xdd\xa6\x8a\xb0\x4c\xf2\x88\xb2\xb0\xcb\xf9\x8b\x41\x13"
	"\x98\xe4\x37\x5f\xef\x44\xf2\x64\xa9\xd5\xbe\xc5\x6c\x6b\xa2\x95"
	"\xa5\x09\xe0\x74\x95\xcd\x72\x9c\xaf\xd0\x93\x4a\xc4\x87\x4d\x97"
	"\x5e\x64\x79\x1c\x30\xae\x7d\x85\xd8\x7a\x6c\x39\xb4\x2a\x27\x63"
	"\x74\x6a\x06\x01\x39\xdc\x68\xf9\xd3\xd7\xe7\x7f\x3e\xfd\xfa\xf6"
	"\xf1\x27\x75\x73\x40\x72\x92\x5e\xf5\x7d\x27\x4f\x86\x8b\x58\xa0"
	"\x25\x80\x3a\xa8\x6f\x26\xca\xba\x04\x8f\x26\xc6\x68\x32\xdd\x84"
	"\x8a\x87\xca\xe3\x55\xde\xb9\xa8\x49\x56\x9a\xb5\x63\x0e\x9d\xfa"
	"\x7c\x8d\x49\xc6\x33\xca\xa0\xa2\x11\xdc\x4b\x1b\x40\x33\xff\x4e"
	"\xc1\x9b\xc2\xf5\x8d\x7f\xbe\x00\xe1\x06\x16\xee\xe8\xf6\x12\x93"
	"\xf6\xd2\x8b\x7a\xb5\xc7\x24\x4a\x48\x46\xd3\x6b\x5f\x1a\x0b\x80"
	"\x6f\x1d\x27\x2d\xa3\xe7\x8d\x85\x50\x98\x03\xc5\xd9\x83\xa5\x94"
	"\x53\x3f\xec\x39\xa0\x60\x26\x2a\xf1\x1c\xa8\x84\xf3\x5c\x58\x30"
	"\x94\xec\x13\x49\xb8\x3f\x8b\xef\xd1\x0b\x78\x9e\x66\xb6\x97\xdb"
	"\x6b\x21\xd7\x21\x68\x86\xe1\x5d\xdd\xa4\x3f\xa9\xa2\x5b\x6f\x53"
	"\xdf\x7b\x93\x83\xdb\x00\x73\xd4\x45\x98\x0b\xd4\x1b\xed\x9a\x70"
	"\xce\x79\xab\x89\xa1\xd7\x4e\xae\x37\xe3\x40\xd1\xbd\xdd\x50\x31"
	"\x6a\xb1\x52\xd7\xf2\x1a\x02\x5f\xfe\xc3\x52\x2f\xf2\x20\x39\xa8"
	"\xc7\x4a\xaa\x80\x85\x35\xf2\x08\xdf\x59\xa6\xb4\x8e\x91\x26\x20"
	"\x70\x8f\x86\x20\xc2\x64\x9a\xe7\x28\x39\x2e\xfd\x25\x22\xa2\x55"
	"\x88\x48\x0c\x51\x69\x34\x39\xef\x35\x01\x2d\xa6\xc4\xf2\x7a\x9f"
	"\xc8\xb3\xd2\xf9\xc9\x4b\xb4\xd8\x8c\xe8\xde\x98\xba\x90\x3a\xb3"
	"\xae\x93\x79\x2b\xdf\xe6\x07\xcb\xa8\x3b\xa4\x0d\xb0\xea\x9b\xf3"
	"\xcf\x89\xde\x22\xb9\x30\xb6\xc4\x1a\x0b\x74\x9f\x8c\xf4\x8f\x9b"
	"\xc8\xf4\xb5\x6f\xd2\x59\x2f\x01\x91\xa1\x0b\x40\x72\x62\x80\x4e"
	"\xbf\x2d\xa4\xd5\x26\x20\xf0\x0d\x54\x13\xa2\x51\x2e\x92\x2b\xa9"
	"\x75\xc2\x68\xc7\xd5\x56\x4c\xe4\xad\x38\x72\x7a\x7f\xf8\xf2\xfa"
	"\xfd\x1f\x2f\x3f\x9e\xbf\x3e\x7c\x7f\x85\x03\xfc\x77\xd3\x24\xde"
	"\xd6\xdd\x6c\x79\xba\x89\xe0\x2b\xf6\x62\x2d\xe7\x8f\xa7\xb7\xdf"
	"\x9e\x3f\x34\x5f\x7f\xed\xb9\x1a\x6c\x99\xb5\x8c\xcf\x85\xad\xc5"
	"\x33\xb4\xb8\x99\xc4\x9a\xcc\x51\xd5\x11\x7e\x5b\x3f\x6d\xa8\x5b"
	"\x0d\x1c\x28\xd3\x42\x3d\x07\xd6\x76\x79\xc4\x42\x64\xd9\xba\x61"
	"\x8e\xe9\xdd\x4d\x82\x59\x92\x4d\x58\xb0\xa9\x0b\xde\x79\x7b\x09"
	"\x45\xb8\x31\x05\x6a\x7d\x7f\x6a\xa4\xd9\x36\x22\x8b\x83\xfd\xbd"
	"\x96\xb6\xd5\xc7\xb2\xe1\xd9\x1c\xe2\x0f\x94\x0e\x4c\xe2\x2c\x42"
	"\x9e\xa0\x5b\x01\x05\x54\x0c\x0b\xba\xb5\x65\xc0\x46\x68\xbe\x9d"
	"\x62\x44\xdf\x86\xb6\x05\x55\xc7\x8e\xb2\xc1\x05\x95\xd6\xd1\xe1"
	"\x27\xc1\x1f\x4c\x90\xbb\x7a\x3a\xdf\xee\x66\x3a\xbf\x1c\x82\xe2"
	"\xaa\x0a\x78\x28\xcf\x89\x27\x87\xc9\xe2\xfb\xd3\xc7\x97\xdf\x9f"
	"\xf1\xc9\x22\x83\xa0\x7e\xe2\x78\x11\x39\x8c\x30\xa0\x27\xf1\x5b"
	"\x0c\x88\x79\x54\x1d\x2b\x3a\x6d\x58\x6d\x64\xb3\x30\x81\xf9\xde"
	"\x4e\x1e\x30\x5b\xb3\xe4\x73\x4a\x70\xad\x11\x02\x2e\xe4\x81\x99"
	"\x82\xe2\x80\xeb\xf7\xaf\x11\x94\xe5\x63\xdf\x40\xf6\x5e\xdf\xe3"
	"\xca\xe6\xde\xca\xc0\x72\x7b\x37\x36\x3e\x63\x11\x69\x4c\x68\x16"
	"\x96\xd6\xda\xc4\x61\x6e\x97\x33\xfb\xf3\xe0\x67\xec\x6e\x58\xc9"
	"\x8d\x61\x87\xa4\x8e\xf6\x94\xe6\x8c\xfb\xaa\x4d\xcb\x8a\xe4\x87"
	"\xd8\x91\x63\xea\xd7\x77\xe6\x97\xc6\xf9\xa1\x3e\x5a\xcb\xef\x6e"
	"\x04\xae\x6a\x3b\xe4\x8e\x9e\x27\xed\x05\xd2\x9e\x62\xab\x57\x9e"
	"\x4c\xd5\x3d\x1b\x1a\xd1\xd7\x0c\x40\xdd\x07\xce\x80\x90\xc7\x50"
	"\x76\xc8\xa9\xd6\x6d\x27\x06\xcc\x63\x53\xa8\x61\xa3\x30\x84\x7f"
	"\x07\x04\x57\x57\x47\xa0\x61\x71\xb2\xc2\x63\x92\x66\xf7\x83\xc3"
	"\x38\xbf\x3b\x6b\xd8\x3c\xdf\xf7\x29\xe4\xb9\x9a\xb5\xfe\x82\x34"
	"\xc3\x89\x10\x76\x48\x07\xaa\x9a\x9c\x1f\x1b\x40\x72\xfd\xbb\xaf"
	"\xec\xfa\x25\x22\x03\xa0\x59\xfa\x93\xf3\x33\x16\xd7\xd8\x71\xd5"
	"\x79\x7e\xf5\x96\x96\xff\x71\x87\x65\x26\x01\x6b\x55\x45\x84\x31"
	"\x6c\xa5\xa9\x17\xb2\x71\xe7\xe9\x72\x43\x31\x4f\x8f\xc0\x29\x57"
	"\x26\x4e\xed\x17\x93\x23\x3d\x5d\x38\xcb\xa8\x8a\x21\xa2\xc1\x3c"
	"\x5d\x28\x46\xa6\xc4\x8c\x30\xbe\x49\xab\x08\x30\x07\x98\xe4\x66"
	"\x95\x5e\x48\x4a\x83\x4e\xa5\xeb\xdc\xbc\x71\x79\x3a\x2d\xe7\xc6"
	"\x49\x48\xef\xf7\x21\x47\x73\xba\xb6\xaa\xa8\x82\xaa\x9c\xda\xe1"
	"\x54\x69\xad\x46\xef\x92\x02\x33\x7c\xdc\x29\x4e\x63\x4d\x68\x62"
	"\x76\xcd\xc5\x27\x33\x9f\xea\x4e\xf5\x62\xed\xd1\x5b\xcb\x22\x80"
	"\xe9\x2e\x7b\x52\xae\xe9\x0e\x76\xa8\x25\x04\x7f\x40\xcb\xdb\xef"
	"\xab\x28\x7a\x4c\x7c\x83\xf2\x06\x76\x83\x78\x73\xa2\x55\xaf\xc8"
	"\x65\x5a\x3a\xbe\xd3\x6d\xe0\x2a\xcd\x34\x9d\x77\x62\x73\x1f\x20"
	"\xd8\xd7\xe4\x82\x5b\x5d\xfb\x31\xf9\xdf\x9b\xfb\x46\xe5\x6d\xf4"
	"\x6d\x90\xd1\xb7\x31\x8d\xbe\x0d\x32\x92\x36\x33\x63\x63\x9f\xa8"
	"\x0e\xd5\x7e\x80\x6d\x8c\xad\xb5\x99\x0c\x03\xa5\xad\x37\xea\x48"
	"\x40\xbe\x87\x82\x89\x1b\x8a\x50\x38\x68\x30\x98\x95\xdc\x28\xd0"
	"\x24\xdc\xa8\x63\xea\xc6\x40\xcd\xa5\x0f\xac\x1b\x9b\x1d\xf1\x36"
	"\x9a\x8d\x70\x73\x16\x55\xed\x7e\x0d\xab\xac\xcd\x69\xb4\x0d\xe8"
	"\x90\x79\xc7\xdc\x38\x26\x8e\xcd\xbd\x33\xc7\x46\x1b\xca\x7a\xb2"
	"\x1c\x56\xd3\x5c\x87\x91\x65\xab\x53\x4e\x10\xe3\xdd\x6d\x99\x52"
	"\xfa\xf2\x70\x3e\x91\x74\x71\x30\x1d\x9c\xbd\x8c\x0b\xc0\x20\xda"
	"\x4c\x6e\xa6\xdd\x84\x75\x37\x3f\xdb\x30\xe3\x26\x65\x33\x81\x76"
	"\x0b\xbf\x5b\xba\x40\x24\x2b\x10\x0e\x54\x15\x84\xb8\xc1\x28\x10"
	"\x7a\x07\x62\xe3\x82\x88\x0d\xbb\x0b\x34\x35\x29\x99\x30\xfd\x96"
	"\xd6\x05\x63\xb5\xb3\xd4\xe7\x94\xe4\x77\x34\x4f\x15\x97\xe9\xd5"
	"\x85\x8b\xee\xf8\x68\x50\xbb\xce\x89\x1a\x56\x33\x67\x05\xef\x78"
	"\x23\x9f\x80\x5d\x10\x61\x9b\x32\x83\x4a\x4b\x87\xe5\x2b\xcf\x54"
	"\x8d\x56\x36\x90\xd2\x2c\xad\xf0\x5d\xd7\x1c\x1e\x1c\xba\x22\xf8"
	"\x14\xe6\xc6\x90\x56\x02\x31\x38\x2d\x08\xb7\x27\x71\x58\x0a\xde"
	"\x01\xf3\x9c\x0c\x38\xf4\xbe\x30\xfa\xc4\x34\xa0\xbc\x8a\x77\x95"
	"\xc0\xf6\x66\xd5\x99\x47\xbe\x7c\xe2\x06\x54\x21\x81\x8b\xb9\xb2"
	"\x89\xc4\x7a\xaa\x4d\x76\x67\x50\xa7\x35\x26\x0a\xbf\x2e\x2d\x1e"
	"\xe2\x42\x7c\x56\x36\x9c\x22\x81\x96\x93\x84\x58\xd5\xbb\x99\xba"
	"\x6b\x9d\x9e\x8a\xf6\x7d\x88\x1e\x32\xfe\xc1\xe1\x42\xdb\x9c\x45"
	"\x42\xf8\x33\x31\x32\x75\x4a\xe3\x49\xc6\x7a\xc2\x78\x84\x99\xcd"
	"\x33\xdd\x53\x4b\x53\xcd\xc1\x85\xff\xf4\xb1\x2b\xa6\xa9\x79\x0e"
	"\x69\x7d\x73\xb0\xa4\x94\x94\x48\x58\x96\x23\xef\x22\xe6\x31\xb6"
	"\x49\x8b\x4b\x89\xcc\x1e\x34\x8e\x63\xa8\xc5\x7a\x85\xb8\x10\x0e"
	"\x17\x0a\xc5\x56\xed\xf1\xd7\xf3\xaf\xe7\x97\x1f\xbf\xfd\xad\xbf"
	"\xcb\xa8\x91\x25\xf6\xe8\xee\xa8\xb3\xc6\x8e\xc9\x89\xf1\x42\xcc"
	"\x20\x86\xab\x6b\xfa\xd9\x3e\x1b\xcc\x1a\x8f\xa6\xec\x2a\xe4\xd6"
	"\xf6\x20\x67\x49\xe0\x90\x3f\x5a\xe5\x75\xfc\x98\x5a\x8a\x5b\x07"
	"\x89\xa9\x54\x61\xc0\xac\xb9\x72\x8d\xd6\x2a\x3f\x54\xd8\x41\x81"
	"\x10\xf3\xff\xc7\x99\xe9\xbd\x51\x55\x59\xf3\xcd\x1e\xa1\x7d\xed"
	"\x0d\x72\x0a\x9c\x98\xf0\x58\x9c\x62\x2b\xe2\xd1\xd1\xac\x21\x5c"
	"\x5f\xb2\x22\x92\xc7\x3b\x40\x21\x71\x94\xc3\x51\x8c\xe3\xd1\xfe"
	"\x1d\x4a\x1a\x5b\x3e\xc3\xcd\x61\x63\xfe\x60\x8a\x5c\x89\x19\xbf"
	"\xd4\x9c\x25\x4f\x1a\xf4\xbf\x3d\xbd\xbf\xbf\xfc\xf3\xe5\xcb\xdc"
	"\x4d\x84\x2b\x7f\x13\xb7\x5a\x9e\x00\x84\x1c\xba\x1b\xdd\x20\x10"
	"\xfb\x3a\x6c\x38\x03\x20\xb9\xcc\x73\x9b\x18\x56\xfa\x24\x34\xf8"
	"\x7b\x2f\x9e\x3b\xe4\x88\xfc\xf9\x7c\x63\x2a\x58\x68\x31\x4e\xcb"
	"\x2a\xcd\x0e\x23\xc6\xfc\xb0\x23\x05\x01\x10\x8a\x81\x76\x2d\x41"
	"\xf8\xf9\x8a\x64\x53\x5a\xcf\x3d\xb3\xf4\x0d\xa2\x70\xea\xde\xde"
	"\xa7\x8b\x23\x08\xa3\x44\x36\xdd\x3c\x3d\x8b\x27\x96\xca\x41\x30"
	"\x0d\xfc\xa9\x88\xb8\x2e\x69\xa9\x27\x99\x1c\x7c\x41\x82\x34\xac"
	"\xc6\xf3\xf4\x03\xd1\xb5\x98\x03\x91\x5e\x19\x01\xf2\x02\x10\x67"
	"\x14\xae\x1e\x4d\xcb\x06\x12\x46\xb2\x32\xc5\x87\x1c\x11\x1a\x75"
	"\x6d\x95\x63\x5b\xc0\xb1\x22\xb1\xe5\x90\x5b\x16\x82\x62\x46\x7e"
	"\x29\x3e\x05\x90\x85\xa9\xf8\xe1\xe4\x38\x7c\x06\x98\x6e\xaf\x27"
	"\x62\x43\xcf\x14\xd9\xf6\x87\x42\xf6\x52\x9f\x82\xac\x88\xec\x4d"
	"\x97\xd8\x9b\x56\xfa\xeb\xc1\xb5\x0a\x14\x06\xfd\x83\xe6\xb6\xc5"
	"\x23\xa1\x89\xc6\xbe\x1f\x85\xe6\x15\x32\xca\xe1\x82\x13\x2b\xd2"
	"\x33\xa6\xff\xf1\x3d\x1e\x11\xfc\x1d\x66\xf6\x8d\x32\xce\xcf\x32"
	"\x76\x95\x79\xe7\x64\xb8\xf9\xa1\xf9\x16\x82\xcf\x0a\x7a\x77\x86"
	"\x77\x43\x7c\x89\xcd\x99\xf9\x95\x47\x66\x59\x1e\x45\x49\x27\xae"
	"\x64\x1a\x22\x5d\x82\xcd\x0f\xec\xd0\x66\x87\xb3\xc7\xaa\x56\xac"
	"\x09\xf0\x4b\x30\x93\x37\x65\x97\xb1\x1b\x59\x92\x48\x67\x99\x36"
	"\xba\x44\x1a\xff\xb8\x48\xa6\x5d\x76\xa4\x33\x78\xc3\xcc\x9f\x4d"
	"\x08\xe1\x1b\xe3\xad\x13\x22\xd1\xd8\x4e\x79\xd1\x72\xa9\x69\xe3"
	"\x5e\x95\x2a\xc9\x40\xc2\x04\x7f\xa1\x32\xd1\xb6\xa5\x4e\xf1\x2d"
	"\x79\x28\x84\x6b\x26\xb6\x99\x50\x30\xd2\xf5\x04\xeb\xb4\x55\x0b"
	"\xb7\xd2\xaf\x82\xc3\x51\xd9\xca\x3f\xaa\x3f\xca\xa4\xfb\xa4\x0f"
	"\x79\x48\x62\x75\x15\x93\xcc\x40\xaf\xa3\xde\x28\x81\x2b\x88\x93"
	"\x93\x39\xd1\x33\xcf\x5d\x9e\x66\xbd\xa7\x98\x7a\x75\xec\xe1\xe3"
	"\xf9\xfd\x63\x42\xc2\x25\x2a\x7a\xaa\x0f\x48\xb4\x15\xa1\x40\x54"
	"\x05\xef\x08\x45\x4e\x27\x11\x50\x94\x68\x29\x59\x45\x22\xac\xb1"
	"\x8c\xd3\x52\xa0\x12\x91\x80\x29\x27\x8e\x34\xa3\x1a\x68\xe6\x09"
	"\x9c\xae\x9b\xc7\x2f\x7f\x22\x37\xf2\xf0\x73\xc9\x91\x46\xa5\x96"
	"\xf9\x91\x69\x3f\x75\x1b\xb5\x48\x40\x54\x44\x50\xfb\x71\xee\x51"
	"\x30\x43\x48\xfd\x6f\x8c\xac\xf1\xed\xd7\xf3\xc7\xeb\xeb\xc7\xef"
	"\x0f\x5f\x9f\xff\xfb\xe5\xcb\xb3\x89\xce\x1a\xca\x13\xd2\xa0\xc6"
	"\x06\xc1\x20\x67\x58\x7b\x4a\x40\x43\x10\x4b\x63\xff\x7c\x98\xf9"
	"\x8b\x65\x6b\x43\x94\xc4\x5b\x58\x01\x89\xbd\x88\xe7\x63\x48\x31"
	"\x71\x56\x9d\x8d\xc4\x65\x2c\x03\xa9\x60\x30\x57\x3f\x49\x02\x31"
	"\x17\xf4\x7b\xaa\x63\x62\x77\x09\xf3\xe5\x7e\xbf\x30\x7f\x00\x81"
	"\x78\x0c\xc9\x66\xb9\x5f\x4c\xbe\xea\x28\x5a\xed\x17\x68\x27\x0a"
	"\xb3\xd5\x72\xe3\xa1\xe2\xb4\x89\x67\x01\x1f\x6e\xaa\x6f\xc2\xc7"
	"\x77\x85\x19\x11\x92\xee\x64\x9c\x8e\xe0\x56\x5f\xd5\x68\x26\xcd"
	"\x0b\xad\xe2\x54\x73\x9f\x1e\x52\x3a\xb9\xcf\x1a\x52\x63\xe1\x87"
	"\xa7\x1e\x78\x89\x24\x70\xd2\x9d\x24\xb1\xf2\x3a\x03\xd1\xb3\x4a"
	"\xb8\x73\x00\x9d\x59\xa1\xa2\xc9\x53\x91\xd0\x41\x67\x87\xcb\x07"
	"\xda\x9c\xd8\xa3\x61\xf5\x88\x53\xbe\x3a\xc2\xf2\x50\xe5\x5c\x89"
	"\x30\x8f\x9b\x11\x1f\xc6\x40\x4f\x4b\x25\xdf\x60\x57\xe4\xc6\x60"
	"\xb0\x23\x1a\x18\xd4\x78\xc5\x81\xe1\x0d\xb8\x56\xab\xf8\x10\x05"
	"\xf3\x22\x0b\x72\x99\x81\x40\x11\x20\x82\x24\xd8\x80\x1b\xac\x50"
	"\x93\xf9\xfd\x26\x46\x6f\xf7\x0f\x10\x71\x2d\x35\x27\x29\x5a\x94"
	"\xb0\x8a\xc8\x70\xc1\xdc\xf8\x12\x68\x7a\x7b\x13\xf1\xac\xc1\xd1"
	"\xac\x6b\xca\x08\x82\x31\x61\x1c\x5d\x02\x6c\x0e\xe7\x2e\xf3\xe1"
	"\x0a\x81\x70\x57\x11\x17\xc4\x45\x08\x31\x25\xd2\xc8\x85\xf2\x54"
	"\xd3\xda\x98\xc0\xd5\x75\x75\x79\x84\xdf\x5a\xb4\x8e\x3e\x09\xe6"
	"\x48\xcd\xaa\x26\x93\x69\x5e\x22\x1e\xde\x3d\x00\xb8\x6a\xd0\x85"
	"\x65\x5f\x22\x2b\x06\x35\xeb\xb6\x61\x5c\x82\x2b\x0a\x62\x16\x49"
	"\x42\x2c\xbd\xcb\xcd\xba\x34\x57\x09\x58\x93\xdb\x1f\x2d\xf3\xf5"
	"\x6a\x6b\x97\x76\x31\x10\x4b\xca\x5e\x80\x22\x93\x98\xd4\x0d\x74"
	"\xee\xdc\x5b\x2c\xcc\xbe\x53\x22\x1b\x38\x4c\x31\x69\xee\x42\x58"
	"\x52\x49\xfe\xc3\x3f\x36\xef\x70\x7f\xf5\x8c\x42\x88\xba\x33\x17"
	"\xe5\x4d\x06\x44\x55\xfb\xfd\xff\x99\xbd\x4d\x06\x23\xfc\xab\xa7"
	"\xc7\x8f\xc5\x1a\xa5\x97\x75\x67\x1f\xad\x44\xb9\xec\x52\x64\xa3"
	"\xd6\x8b\xcf\x3e\x8a\x18\xf2\x4f\x8b\xc3\x01\xd9\xbe\x97\x0e\x5d"
	"\x0e\x53\x46\x4c\xd7\x86\x06\x95\x81\xd5\xdd\xc0\x26\x32\xa8\x9b"
	"\x55\xc1\x7b\x5c\x9a\xce\xac\x24\x7c\x16\x84\x1d\xbe\x71\x34\x5e"
	"\xc5\xf4\xd4\x23\x34\x66\x12\x42\xd3\xe2\x1c\x57\x18\xd3\x70\x7c"
	"\xdb\x08\xf6\x91\x8c\xc5\x0e\xc2\x18\xd4\x81\x64\x01\x19\xb9\x56"
	"\x81\x8a\xfd\xe5\x4b\x0f\x9c\x53\x13\x34\x92\xef\x63\xea\xa3\xa6"
	"\x25\x77\x70\x3b\x5c\x0b\x50\xc5\x2b\x50\x67\xa5\x71\x76\xe4\x7d"
	"\x2f\x8f\x48\xaa\x31\x44\x97\x95\xcc\x6e\x8c\xe1\x20\x82\x4c\x0d"
	"\x45\x1c\x23\x54\x7c\x7b\x7d\xfa\xaa\x06\x3f\x48\x2e\x9d\x0c\x1d"
	"\xa6\xf0\x1a\xb5\x75\x45\xc6\x7c\xa0\x4c\x53\x6c\xa7\xc4\xa3\x52"
	"\x82\x3f\x99\xc4\x2a\xa7\xa3\x16\x43\x02\x3e\xb4\x89\x95\x23\x85"
	"\x1d\x35\x30\x66\x2a\x24\x47\x4a\x9b\x00\x11\xa5\x8c\x0a\x84\xdc"
	"\xce\x14\x80\xf8\x5c\x21\x9e\x9e\x12\x00\x2b\x6c\x9f\x4d\x27\xc3"
	"\x83\x9a\xcf\x27\x00\x46\x20\x1a\xd6\x00\x16\x9c\xf4\x16\xd2\x16"
	"\x41\x44\xdd\xd4\x85\xc0\xcd\xd9\xe4\x41\x7c\x6e\x52\xfe\x83\x04"
	"\x34\xa5\xb5\x76\xd5\xbd\x27\xd0\x52\xf9\x7c\x0f\x9a\x0b\x48\x4f"
	"\x95\x46\xfd\x70\x96\xc6\x54\x26\xf8\x31\x2d\x9b\x27\x66\x99\x6a"
	"\x21\x1f\x72\xac\x1e\x67\x69\x97\x30\x32\xa6\xcb\x0f\x24\x08\x49"
	"\x95\xbd\xf7\xd0\xba\x19\x91\xe1\x35\xa3\x1b\x69\xca\xad\xe9\xb9"
	"\x30\x11\x41\xd3\x85\x57\xb4\x69\x06\x00\xb6\xfe\x8c\xdc\xc6\x9f"
	"\xb8\xdb\x27\xe2\x5c\xbf\xfc\xf6\xeb\xf5\xd7\xfb\xc3\x77\x49\x04"
	"\xc2\x7b\xf2\xd3\xc3\xfb\xcb\xff\x7b\xfe\x0f\x35\x7a\x1e\x11\x8b"
	"\x6e\x97\x09\x3f\x5f\xe5\x56\xfd\x28\xe1\x9a\xc4\x20\x9d\xb0\x10"
	"\x8d\x62\xa0\xb3\xe1\xc3\x68\x42\x78\x64\xc6\x66\x34\xbf\x03\x64"
	"\x5c\xf5\x05\x7b\xd1\x18\x29\x74\x37\xed\x27\x92\x8c\xbc\xe0\x3a"
	"\x6b\x71\xb8\xea\x41\x86\x42\x52\x92\x90\xd6\x57\xe0\x3c\x6b\x46"
	"\x06\xb0\x80\xb7\x8d\x54\x78\x74\x4d\xa7\x0a\x33\x56\x07\xdd\x81"
	"\xb2\x80\x67\x1a\x60\x01\x5b\xe2\x80\x6a\x96\x5b\xb0\x91\x01\x4d"
	"\x41\x06\x1d\xd2\x6c\x7f\x89\x5b\x41\xf0\xdb\xcd\x69\xea\x86\x89"
	"\xf8\x48\xfb\xee\x7c\xdb\x44\xf1\xa4\x19\xdf\x93\x64\x30\x3b\x52"
	"\x25\x9c\xb9\x32\x77\xc2\x23\x50\xc4\x91\xea\x8c\x03\x7b\xcd\xee"
	"\x7d\x0c\x2a\xaf\x60\xe5\x85\x3e\x85\xed\x86\xa7\x35\x2a\xbd\x26"
	"\x24\x30\xbe\xcd\x4b\xf5\x4b\x46\x60\x84\x9b\x70\xeb\xc3\x9e\x7e"
	"\x16\x6f\x56\x24\x8e\xe0\x81\x56\x6d\x7e\x0d\xef\x90\x1b\xdd\x15"
	"\x0f\x25\x03\x8d\xe7\x0f\xf8\x4f\x83\xcb\xf4\xd5\x76\x6d\x5e\xd2"
	"\x15\xb9\x87\x67\xcb\xc5\x4b\x73\xae\x4b\xcf\x9e\xed\xd6\xec\x5a"
	"\x91\xd5\x91\x31\x6c\x9a\x32\x01\x15\x9a\x4d\xb3\x48\x80\xb5\xa6"
	"\x46\xd4\x75\x2e\x05\xa2\xb9\x5a\x0b\x00\xc1\x13\x25\xd5\x95\x51"
	"\x74\x2a\x82\x4f\x5a\x02\xdc\x4c\xd0\x14\x35\x9e\xa6\xcd\x53\xfc"
	"\xb7\x46\xfd\xc2\x7f\x67\x91\x3a\xe9\x15\xe0\xbe\x05\x31\xb5\x20"
	"\x4a\xb5\x4a\x0b\xc7\x05\xa0\xb1\x4e\x3a\x2d\x4f\xed\x03\x34\x9a"
	"\x6b\x14\xf0\x52\xc7\xd5\x95\xab\x0e\x64\x12\xbe\x77\xba\x19\xd5"
	"\x29\xa1\x4d\x84\xd4\x79\xc3\xf7\xeb\x01\x72\x9a\x3b\x80\xca\x90"
	"\x2f\x1b\x8c\x97\xbd\xa6\xe5\xd2\x6f\x4d\xd3\xcb\xe7\x8a\x68\xaa"
	"\x3c\xfc\xe6\xcf\x46\xc6\x83\x13\x21\x14\x13\xfa\x74\x9d\x16\x92"
	"\x9e\x60\xcb\x42\x0d\x26\x60\x69\xd5\x68\x99\xa0\xb2\x81\x70\x6a"
	"\xe1\xaf\xe6\x75\x8b\x48\xb8\xdf\x2c\xac\xd5\x6f\xcc\x91\x5e\x07"
	"\x71\xaa\x91\xe0\xaa\xa9\x82\x37\x4f\xde\xe4\x55\xe3\x99\x0f\x10"
	"\x49\x2d\x9a\x4e\x78\x6a\xe7\x25\xac\x02\x3b\xd3\x77\xee\x90\xb3"
	"\x53\x64\x29\xbe\xfc\x70\xf3\xc4\xbe\xe0\xb7\x45\x4d\x95\x09\x5d"
	"\x73\xe7\xed\x15\x96\xb9\x30\x82\xc8\xb0\xe5\xa9\x0e\xa3\x73\x84"
	"\xb9\x0d\x88\x8e\x0d\x0e\x10\xd6\x02\xbb\x2a\x5c\x31\xbd\x0f\x4a"
	"\x73\xe7\x39\x8b\x1f\xd8\x38\x43\xcf\x5b\x09\xe4\x46\xe5\x81\x0b"
	"\x3a\x4c\x19\x04\x99\xf4\xa0\x9b\xaf\x20\x2f\xef\x5f\x4c\x4b\x20"
	"\x89\xd6\xfe\xba\xed\xa2\xb2\x30\x2b\x86\x22\x68\x1d\xcc\x20\x88"
	"\x43\x04\xc9\xeb\x22\x43\xf9\xab\x69\x11\xae\x10\xd7\x96\x24\x13"
	"\x5b\x58\xb3\xc3\x44\xc8\xf6\x4b\x9f\xad\x16\xe6\x69\x99\x6f\x92"
	"\xd2\x82\x09\x55\x95\x4f\x53\x34\x44\xf6\xb2\x47\xbe\x73\x4b\xcd"
	"\xaa\xbd\x0c\x7d\x57\xd0\x1c\xb4\x27\xf3\xe7\x2f\x23\xb6\xdf\x2d"
	"\x7c\x82\x9c\x84\x50\x96\xfa\xfb\xc5\x62\x69\x11\xfa\x0b\x44\x7b"
	"\xcc\x59\x51\xb1\xae\xe6\xa0\xf5\xda\x8e\x09\x8e\xde\x76\x6b\x87"
	"\x88\x82\xee\x11\x3b\xe9\x31\x0b\x37\x4b\x64\xcd\x8c\x98\xb7\xd9"
	"\x99\x45\x40\x6b\x2b\x8f\x6c\xba\x84\x91\xfd\x6a\xb7\x40\xfc\x64"
	"\xea\x9a\xb7\x7e\x17\x87\x5c\x5f\xb6\xf0\xf1\x32\x3e\x08\x4d\x4a"
	"\x65\x14\x96\xdd\x23\x8b\x63\xb9\x7f\x19\x3e\xcd\x98\x70\xfb\x5a"
	"\x32\xc9\xc2\x85\xc9\xe7\x7c\x30\x2a\x88\x88\x4d\x1d\x16\x88\x8b"
	"\x46\x40\xcf\x2c\xb9\xca\x34\x1e\x39\x55\x60\x79\x49\x3f\xd3\x8b"
	"\x8b\x1d\xe2\x16\x85\xb9\x6b\x01\x97\xd8\x94\x98\x56\x57\x99\x80"
	"\xbb\xb7\x8f\xc5\x80\xe8\x69\x8f\x35\xed\x5a\x38\xc9\xaa\xea\xf3"
	"\xa5\xc2\xb3\x03\x9c\x20\x3d\xe4\x7a\x64\x2e\x42\x01\x55\x05\x10"
	"\x3d\x1a\xb9\x41\xf8\x54\x44\xd3\x9b\xd7\xd6\xed\x64\x8a\xc2\x6e"
	"\x8d\x8f\x39\x78\x65\x0e\x7c\x85\xe6\x97\x85\xfe\x74\xc5\x96\xbc"
	"\xc1\x31\xdf\xf4\x65\xca\x76\xf3\x36\x4e\x85\x84\xcf\xa4\x48\x4c"
	"\x8e\x9b\x7c\x6d\x93\x4b\xe2\x67\x1b\x82\x37\xc1\x66\xb7\xb5\x66"
	"\xb2\x5f\x86\xed\xc6\x0e\x68\xdb\x95\x15\x41\xa3\xba\xdb\xed\x8f"
	"\x65\xcc\xcc\x83\x2d\x0c\xb6\xde\x62\x36\xa9\xf5\x21\x16\xff\x78"
	"\x7a\x7f\xa0\x3f\xde\x3f\xde\x7e\x01\x3f\xe3\xfb\xc3\xfb\xef\x5c"
	"\x49\xfb\xfa\xf0\xf1\xf6\xf4\xe3\x1d\xda\xed\xe1\xdb\xcb\x8f\xe7"
	"\x87\xaf\x7c\x96\x7e\xf9\x09\xff\x54\xdb\x91\x7f\x64\xe4\x7e\xd4"
	"\x30\x09\xa4\x94\x2d\x41\xc9\x75\x83\xb8\x76\x6c\x9e\xef\xc0\xb1"
	"\x93\x40\xe7\x2e\xd3\xf9\x8d\x9e\x1f\x1f\xcf\xdf\x1e\x32\xde\x2f"
	"\xfe\xef\xc3\xdb\xf3\xb7\xa7\x0f\x5e\xf2\xdb\xf7\x9e\x40\x40\xd7"
	"\x8a\x86\x18\x92\x92\xa2\x32\xa4\x89\x21\xf9\xcc\xb7\x12\xf3\xd4"
	"\x5b\x46\xc7\xd7\xf7\x0f\x54\x18\x3e\xbd\x7d\x35\xbd\x06\xc5\xbf"
	"\xfe\x7c\x7b\xe5\x6b\xdf\xfb\xeb\xdb\x03\xfb\xe0\x35\x50\xd9\x32"
	"\xff\x1c\x16\x2c\xfb\x8b\x62\xc9\x1a\xcb\x37\x66\x77\xd3\x09\xe2"
	"\xfc\xf2\x88\xc4\x83\x0f\x8f\x05\x12\x64\x82\x85\x5d\x55\xb3\x16"
	"\x26\x2a\x07\x02\x3b\xd2\x4a\xca\x8a\xff\x09\x67\xdf\xe6\xbf\xde"
	"\xbe\xe8\x67\x79\x6a\x61\x1f\xab\xf9\x03\x10\x0a\x06\xd5\x11\x45"
	"\x9c\x98\xac\xd0\x0e\xd0\x2b\xc2\x27\x48\xd0\x3d\x8c\xb6\x36\xfe"
	"\x80\x62\xa3\x81\xc7\xa3\x8c\x4c\x52\xb2\x31\xd4\xf0\x44\x20\xd4"
	"\xc5\xdb\xe9\xa4\x28\x5a\x5f\xa6\x87\x8f\x7f\xfd\x7c\x7e\xf8\x33"
	"\x1f\x11\xff\xf9\x6f\x0f\x1f\x4f\x3f\x9f\xff\xed\x21\x8c\xfe\xca"
	"\xc7\xe1\x5f\x14\x46\xf2\x61\xcf\xa8\x95\x37\x3c\x56\x32\x15\x39"
	"\xd7\xe8\xc5\x05\x63\xb5\x7d\x27\x6a\x9a\x46\xc7\xcc\x0f\xc6\x57"
	"\x86\x47\xa4\x8d\x44\xa0\xe2\x9a\x68\xca\xb2\x48\x07\x23\xb2\xe6"
	"\x28\x2b\x52\x59\x08\xce\x1f\x60\x5a\xd3\xda\xa6\x1e\xa6\x0b\x6d"
	"\x0f\x27\x9f\x28\xe9\xfc\x23\xe9\x90\x24\x74\x21\xa8\xf8\xdb\x01"
	"\x62\x84\xdd\x03\x49\x69\xc0\x88\x0d\x53\x95\xd6\x5e\x05\xf4\xc5"
	"\x29\x9c\xe6\x69\x17\x3a\x84\x04\x63\xa8\x93\x52\x60\xfa\x9c\x07"
	"\xe0\xd5\x5f\x1e\xb6\x87\x60\x29\xf1\x76\xd0\xca\x05\x0a\xf2\xd6"
	"\xb7\x60\x82\xd8\xb7\x08\xfb\x9e\xb6\xbc\x74\x2d\xff\x4f\x8c\x34"
	"\xfc\x4d\xc7\x12\x71\x93\x16\x52\x9e\xc7\xbe\x6d\x5b\x2b\xc0\xfa"
	"\x3d\x48\x48\x2a\xcb\xdb\x09\x09\xed\xc5\x23\x34\xdc\x5a\x0b\x00"
	"\x80\xbd\x03\xb0\x5f\xd9\x00\xd9\xd9\x5a\x83\xec\xdc\x64\x96\x2f"
	"\x15\x95\x7c\xeb\xe5\x17\x96\xf7\x03\x11\x19\xef\x38\x16\x04\x18"
	"\x0c\x2b\x5c\x1e\xf3\xf2\xf9\x15\xb2\x7b\x3c\x10\x31\x93\xe6\xf1"
	"\x05\x73\x65\x19\x31\x96\x2d\xcf\x88\xb1\x37\x45\x59\x2f\x5d\x00"
	"\xdf\x3e\x3c\x33\x52\xd5\xe5\x23\xc5\x46\x67\x93\xb0\x63\x18\xe9"
	"\x17\x21\xc6\xe4\xe9\x3a\x67\x42\x70\xed\x01\xe2\xc8\x9b\x72\xe8"
	"\xa2\x4b\xc8\x07\xf9\x88\xb1\x64\x35\x58\x3f\x87\xbd\x3c\x3c\x0c"
	"\xaa\xbb\xc6\xaf\xa2\xa6\xf2\xcd\xe2\x01\x8e\x1a\x0a\xf5\x6a\xa9"
	"\x5a\xb0\x30\x8b\x90\x49\x19\xb2\x99\x06\xb4\x9e\x08\x60\x47\xae"
	"\xbf\xb7\xc9\x3b\x7f\x11\xd1\x83\x16\x49\x92\x0b\xfa\xd3\x56\x2d"
	"\xed\x58\x6a\x5e\xfd\xfc\xa7\x45\x1d\x19\xa5\x68\xb0\x71\x40\x80"
	"\x97\x06\x50\xa3\x0b\xbe\x22\x63\x5b\x0b\x95\x04\xfc\x29\x6c\x33"
	"\x4f\x4d\x11\xbb\x8f\xec\x2b\x39\xa2\x32\xf4\xfb\x81\x76\xe9\xed"
	"\x3d\xcb\xd4\x41\x4b\xdb\x9a\x94\x43\xd0\x28\xab\x9c\x78\x8b\x85"
	"\xa5\x74\x75\x6c\x99\x53\xd8\x35\x5b\x2f\xc3\x1d\x9f\x7d\x7d\x1c"
	"\xf4\xc8\x3b\x04\xef\x34\x9e\xbf\x5b\xd8\x40\xc4\xb5\x58\x44\xe1"
	"\x72\xbf\xfe\xc3\x32\xbf\x40\x59\xf6\xdb\x15\x8e\xb8\x44\x5b\x6f"
	"\x6f\xa9\x0e\xde\x5f\xe4\x86\x2b\x73\xcc\xe2\x65\xb6\x5b\x2c\x3c"
	"\x5c\x3e\x2c\xca\x7c\x84\x67\x21\xb5\xac\x47\xd1\x11\x97\x15\x2c"
	"\x92\x9f\x95\xd4\x05\x7a\xdc\x5c\xc2\x80\x35\xcd\x12\x3c\xdd\x74"
	"\x9e\x12\x99\x2c\xc6\x19\x62\x9b\xc3\xce\x57\x47\x33\x66\x26\x0e"
	"\x88\x6b\x9a\xcf\xcd\x8d\x91\x1e\x4b\x22\x53\xb6\xb7\x66\x43\x8b"
	"\xc1\x72\x71\x13\x05\x4d\x42\x8b\x49\x86\x72\x58\xcb\x48\x67\x19"
	"\xc9\xc9\x21\xae\x44\x38\x2c\x8a\xdc\xde\x8c\x20\x5e\xa4\xe0\x35"
	"\x42\xdc\x73\x38\x40\xcc\x4f\xe6\x22\x0c\x6e\x48\x92\x64\xfe\x96"
	"\xce\x72\x52\xb2\x63\x51\x4f\x4a\x07\x61\x90\x61\xe7\x7e\xa6\x10"
	"\x01\xd4\x52\xa6\x59\x23\xab\x42\x61\xf0\xb6\x22\xb8\x3e\x8a\x89"
	"\xc0\x87\x1e\xf1\xf4\xe4\x52\xb4\x87\x73\x19\xc4\x5e\x40\x73\x35"
	"\xd1\xd0\xeb\xdf\xc5\x7c\xcc\x01\xed\x2f\xce\xb8\x26\x2d\x95\xa4"
	"\x64\xe2\x4e\x7e\x93\x9d\xe3\xfe\xae\xbf\xfa\x80\x4c\x94\x5e\x52"
	"\xc0\x69\x1c\x8b\x3b\x0e\xbc\xb9\xc5\x79\x29\x9f\x7e\x6c\x79\x21"
	"\x8f\xfd\xdd\x33\xbd\x82\x9c\x03\x6b\x5e\x49\x1c\x4e\xca\x66\xf1"
	"\x36\xe7\x52\x58\x59\xc5\x27\x65\x18\xc2\x1e\x2a\x94\x03\x48\x1e"
	"\x55\x05\xdf\xd8\xc8\x12\x98\x4b\xa7\x63\x3a\xe0\xe0\x80\x38\x1b"
	"\x05\x1c\x9b\x8f\x31\xa5\x44\x50\xa4\x68\x52\xfc\xa0\xb8\x20\x5f"
	"\x8e\xe9\xe7\xf0\x23\xcb\x1e\x62\x9c\x4e\x1a\x36\xe1\x39\x96\xa6"
	"\x86\x38\x8e\x1f\xbc\xe5\x7e\xf5\xf0\xe7\xe4\xe5\xed\xf9\xc2\xff"
	"\xfc\xc5\x64\x14\x4b\x68\x15\x83\xf3\xa4\x39\xef\x5e\xd8\xe5\x05"
	"\xbb\x9a\x7d\xaa\xf9\x0c\x04\x16\x6f\x35\x82\xd2\x84\xfc\x5f\xf7"
	"\xbf\x0c\x8a\x3c\xd2\xb6\x32\xc2\xa2\xaf\x3b\x72\x1e\x1a\xbe\xf5"
	"\x57\xdb\x60\x4c\xb4\xac\x27\xf1\x63\x43\x52\xde\xbf\x70\xaf\x7f"
	"\xe4\x98\x82\x5a\x6e\x0d\xd6\x31\xc9\x30\x07\x43\xf4\x76\x36\x2d"
	"\x51\xd1\xb9\xc5\x24\xe0\x4b\x80\xf8\xb5\x1c\x90\x9b\xe2\xbc\x0c"
	"\x10\x6d\x05\x29\x3b\x28\xf8\x45\x6a\x5a\x54\xea\x46\xe3\xd6\xe5"
	"\x3f\xbb\xb3\xf8\x50\x55\xc1\xb8\x9e\x6c\x7a\xe4\x2c\xaf\xdd\xde"
	"\xf2\x4f\x33\x2c\x82\x6a\x15\xe6\x86\xf3\x1e\xe1\xa1\x78\xb3\x2e"
	"\x7e\xd5\x4d\x5b\xd1\xcb\xfb\xc7\xdb\xcb\x3f\x7e\x81\x21\x8f\xfd"
	"\xcf\xcb\xc7\x97\xdf\x1f\xc8\xdb\x97\xdf\x5f\x3e\x9e\xbf\x7c\xfc"
	"\x7a\x53\xbd\xc2\x87\x8f\x5d\x1f\xc1\x9f\x75\x72\x35\x8a\x4f\x79"
	"\x51\x51\x75\xcb\x89\xbd\xfe\x5c\x54\xd8\x96\xab\xbe\x96\xc7\xa2"
	"\xc0\x6e\x01\xf5\xf9\x91\x88\x94\xb5\x3e\xff\xf4\x49\xc2\xad\x30"
	"\xa1\x55\xec\xc8\x80\x2f\x98\x9a\x89\x3b\xae\xbd\xa5\xd7\x3a\x1e"
	"\x4a\xb9\x86\x0b\x6b\x92\xd6\xf0\x2c\xa5\x61\x81\x51\x2b\xdd\x1e"
	"\xad\x63\x9d\x3f\x99\x84\x31\xb6\x27\xee\x2d\xad\x35\x73\x55\x22"
	"\x23\x9f\xf5\x4c\xf9\xc4\x36\x7e\x08\xd7\xb3\x7a\xc4\xdf\x2c\xda"
	"\x79\x9e\x87\x1e\x65\x96\xd0\x85\x96\xc8\xf5\x69\xae\x0e\xb5\x87"
	"\xc0\x55\x58\x3e\x19\xe4\x7c\x3f\xa7\xbd\xf5\x31\xb9\x44\x8e\xc7"
	"\xaa\xd0\xd8\xa3\x08\xd4\xb2\x60\xfa\xae\x2f\xc5\xee\x77\xa7\x1e"
	"\x2a\x88\x51\x09\xf6\x71\x5c\xbd\xa4\xe1\x1b\x0f\xbd\x9a\x22\xa5"
	"\xcb\x83\xdd\x6e\xb1\xb0\x3f\x2c\xf9\x91\xf5\xc1\x12\xac\x56\xc8"
	"\x16\x35\x83\x29\x0a\x31\x51\xe6\xad\xb9\x31\x42\xac\xd7\xd5\xf4"
	"\x50\xe4\x4b\x34\x33\x44\xa3\xb8\x72\xdd\x29\x43\x9d\x86\xf9\x83"
	"\xb5\xb3\xc2\x21\xd1\x3d\xf5\x83\x9c\xd8\x9f\x81\x07\x72\x3d\xce"
	"\x12\x9f\x78\x03\xd7\x43\x67\xda\x68\xed\x5a\x1f\x9b\x1c\x9c\x2d"
	"\x73\x88\x9a\x65\x76\xd6\x56\x21\x67\x37\x24\x38\xb4\x4e\x4c\x75"
	"\x30\xba\xb3\x89\xd2\x75\xe5\x84\x9f\x81\x3e\x36\x14\xbb\x43\x33"
	"\x08\x27\x05\x33\xd4\xfc\x18\xa7\x4c\xd7\x20\xfa\xa4\xae\xf6\x10"
	"\x03\x78\x2f\x5e\xda\xc5\x2b\x87\xd8\x59\x32\xae\x0c\x17\xfa\xfc"
	"\x45\x43\xc7\x23\xbc\xab\xd1\x5c\x1b\x5e\x87\x18\x42\x74\x1b\xe7"
	"\x3d\xe5\x36\xa5\x6b\x42\x8c\xe2\xd9\x35\xee\xba\x49\xd1\x98\x4e"
	"\xc3\x53\x53\x17\xe9\x28\xf5\x4f\x58\x94\xed\x08\x82\x18\xd8\xf3"
	"\x8b\xb9\x86\x11\xb7\xda\x68\x88\x7d\x67\xd9\xe3\xcf\xe1\x91\x6a"
	"\x3d\x47\xa6\x74\x79\xc9\x7a\xf5\x10\xdc\x24\xbb\xd8\x99\xd3\x91"
	"\x6b\x6c\xb0\x9e\x69\xab\xca\x91\xb6\xeb\x63\xe4\x77\x07\x2c\x14"
	"\x05\x3c\xc5\xf5\x01\x5c\x5c\x2e\x56\xe8\xd2\x72\xcc\x19\x96\x0e"
	"\xb4\x1f\x09\x2a\x44\xe7\x3e\x2e\x5c\x3a\xaa\x59\xea\x56\x34\xcf"
	"\x35\x2f\x1f\x1b\x72\x89\xa9\xde\x28\xce\xbe\x4a\x77\xfe\xba\x6d"
	"\x8d\xcb\x17\xa8\x3a\xda\xb1\x45\x8c\x19\xa8\x40\x60\x91\x20\xee"
	"\x31\x87\x00\x4b\x47\xa6\x31\xda\x62\x8f\x4c\x97\x76\x5d\x82\x65"
	"\xb7\xc2\x4a\xc6\x05\xd8\x33\x21\xa2\xf2\x64\xde\xc2\x3c\xa6\x3e"
	"\x65\x8e\xe1\x94\x91\xea\x1c\xa7\x5a\x43\x67\xe7\x0c\x9b\x51\xd9"
	"\xc9\x18\xa5\x95\x9d\xae\xba\x6f\x2f\xff\x8d\xda\x6b\xd4\x97\xf3"
	"\x37\x93\xbc\xd0\x46\x73\x96\xb6\x7c\x24\x20\xb6\xfd\xb4\x5d\xe3"
	"\x4a\x25\x97\xb2\x8b\x55\x9c\x5c\x1c\xe5\xa1\x61\xa5\x77\xba\x13"
	"\xdb\xed\x56\xe6\x6d\x02\x88\xd6\x9e\x45\xc4\xdf\x98\x22\xe2\xcf"
	"\x3c\xd7\x16\x31\xf0\x4f\xca\x53\xcc\x26\xae\x3c\xf4\x77\x9f\x10"
	"\x0f\x46\x2e\x6c\xfd\x15\x97\x62\xde\x46\xf9\x76\xb5\x6c\xef\x78"
	"\x2b\x8b\x33\x6a\x1c\x97\xd9\xb5\xd2\x46\x39\xfc\xf6\x16\x88\x2f"
	"\x7b\x12\x93\x34\x77\xbc\x2e\x27\x75\xff\xb2\xdb\xd2\x22\x93\xcc"
	"\x5a\x22\xdb\x2d\x77\xbe\x63\x32\x02\xfe\x99\x6a\x12\x75\x99\xf9"
	"\x48\xa7\x3e\xb7\x87\xd8\x99\x5d\x55\xe4\x45\x36\x09\x8b\xe1\x58"
	"\xf9\x72\x73\x03\xee\x26\x97\x58\xf3\xd8\x3f\xb9\xbb\x42\x7e\xe6"
	"\x3b\x19\x6d\x51\x4f\x8a\x2a\x8c\xa3\xd8\x18\xf0\x51\x79\xb0\x38"
	"\x51\x5d\x8b\x3b\x16\x8e\x49\xb9\x8f\x29\x1a\xe7\x07\x08\xff\xaa"
	"\xcd\xe8\x5c\x9f\xe2\xdd\xd1\xd8\x8a\xd7\x18\x6e\x6d\x24\xd4\xa1"
	"\x97\xca\x53\x00\xcd\x33\x2d\x25\x4b\xec\xcc\xf3\x31\x45\x37\xe3"
	"\x8f\xe9\x01\xbd\x1a\xd6\xc6\x79\x87\x3e\x17\x3b\xf4\x29\x30\xc9"
	"\xc0\x95\x74\xad\x8c\x21\xd9\xf2\xa5\x04\x75\x0f\x92\x37\x1c\xb0"
	"\xd5\xbd\xca\x04\x3f\x46\x75\x28\x4c\x3a\xb0\x90\x1a\x7b\x4a\x15"
	"\x69\x0d\x55\x6d\x16\x2b\x47\xbf\x07\x62\xe7\x3a\xd6\xb6\x5b\x3b"
	"\x6f\xb9\x47\x8e\xfa\x41\x54\x17\xe6\x41\x51\xed\xbc\xcd\xde\xf5"
	"\xb2\x1c\xce\x6a\xcd\x45\x07\x82\x82\xca\x28\xea\xaf\x63\x6a\x43"
	"\x13\xd6\xc9\xce\xd9\x95\x59\x1c\x3f\x9a\xb3\x2c\x52\x52\x25\x29"
	"\xd1\x0d\x16\x0c\xbb\xda\x08\xf7\x34\xe1\x1b\x3b\xba\x2a\xdf\xe7"
	"\x11\x7d\x06\x09\xf7\xfe\x62\xe9\xb9\x9e\x62\xfa\x35\x17\xb6\xc7"
	"\x0e\xd6\x28\xf3\xf6\x8e\x0f\xca\x32\xa6\xf5\x01\x96\x85\x7b\xcf"
	"\x3c\x56\xe2\x92\x86\xe6\x5d\x1a\x64\xb2\xf7\xbc\x56\xcf\x88\xa7"
	"\xad\x5c\xf3\x28\x2b\x42\x3e\x8b\x6a\xd7\xd3\x55\x69\x2d\x96\x0a"
	"\x2d\xdb\x3a\x03\xfa\x3e\xf7\xa7\xd4\xcd\x79\x47\x52\x96\xd7\x8c"
	"\x77\x5e\x4c\x31\x38\xc4\x19\x72\x89\x98\x31\xbe\xcd\x34\x4f\x04"
	"\xb4\x71\x14\xe2\x9a\x17\x25\xbb\x6a\xdf\x0b\x4e\xcd\xdb\x74\xba"
	"\x8f\x9f\x3f\x5b\xc7\xc7\xa6\xd6\x66\x56\x99\xe2\x78\x4a\x7f\x82"
	"\x76\x61\xc9\xb7\x2c\x04\x8b\xb9\x89\x73\xfd\xf4\xf9\x9d\xf5\x25"
	"\x81\xff\xec\x2a\xbe\xed\x36\x67\x07\x52\xb8\xd8\x1f\x9a\x4f\x06"
	"\x94\x6c\x2f\xf4\x73\xae\xc7\x2c\x94\x29\xdd\x65\x8d\x6d\xc2\x47"
	"\xc0\x12\x01\x24\x51\x44\x31\xdd\xa7\xa4\xc6\xc3\x48\xae\x21\x4b"
	"\x4b\xbd\x62\xa8\x87\xc4\xe9\x95\x2f\x91\x16\xc2\xf9\x1d\xc5\xa6"
	"\x60\x89\xa1\x75\x40\x90\xa3\xb6\x21\xe3\x2e\x6b\x5a\xfc\x3a\xbb"
	"\x86\x82\x7b\x8e\x55\x6c\xc9\xce\xa1\xf4\x09\x0c\x1f\x86\x21\x1c"
	"\x3f\x64\x38\xa4\x08\xc1\x32\x8a\xcb\x7b\xdb\x89\xa1\x09\xcb\xe3"
	"\x35\xa5\x0a\xa3\x01\xbb\xf0\x14\xcd\x7c\x12\x47\x10\x7c\x1a\xae"
	"\x60\x03\x78\x7e\xe3\x81\xd2\x07\x48\xc7\x89\x4e\xc0\xb4\x39\x79"
	"\x52\x31\x5e\x4a\x83\x26\x0e\x68\x77\xbb\xed\x7e\x13\xe0\x80\x7a"
	"\xb7\x58\xb6\xa8\x98\x7f\x74\x70\x97\xb2\xc9\x77\x5b\x9b\xbc\xb7"
	"\x25\xa2\x80\x90\x86\x24\xc2\xcb\xdf\x9b\x5a\x50\x79\x44\x78\xef"
	"\xb5\x64\x1f\x95\xb0\x97\xf5\xad\xf2\x3a\xdc\x79\x9e\x3d\x87\xd5"
	"\xce\x2e\xdf\x6c\xa7\xf2\xf1\xa8\xac\x8d\xc5\xe7\xd3\xdc\x03\xc3"
	"\x32\xe5\x3d\x1c\xcb\x51\xe8\xe5\x5d\x7b\x21\x57\x14\x92\x82\x17"
	"\x57\xed\x2d\x3c\x2f\xc4\x31\x40\x56\x82\xc8\x7a\x9d\xd4\x29\xe7"
	"\x6a\x07\x8e\x11\xaa\x1c\x52\xef\x51\xaf\x9a\xd6\xfd\x26\xa8\x3d"
	"\x6b\xd6\x42\x3f\x42\x11\xb9\x60\x42\x21\x78\x0d\x1e\xad\x8f\xf7"
	"\xbb\x38\x8b\x5c\x6c\xbc\x70\x39\xdf\x7c\x0d\xb5\x33\x2f\xa8\x7c"
	"\xd6\xc1\x85\x75\xec\x2d\x5a\x24\xb0\x72\x5c\x11\x3e\xcd\xc3\x3d"
	"\x07\xec\xf1\x33\x9c\x5f\x03\xfd\x03\x22\x6f\x69\x4a\x73\x3e\xc5"
	"\xf2\xa9\xc5\xaf\xe0\x6f\xdb\xe7\xe3\x8a\xf4\x7e\xbf\xce\x4c\xd6"
	"\xee\xb2\x54\xee\xe0\xf1\x1f\x5d\xc0\x22\x3d\x56\x30\x24\x46\x31"
	"\x5c\xf9\xd4\xb6\x85\x90\x3c\xe7\x60\x56\x84\x59\x59\xce\x1e\x10"
	"\x6e\x0d\x53\x3a\x08\x15\x51\xc4\xc6\xdc\x6a\xbd\x3c\xc5\x94\x5f"
	"\x18\xf2\x16\x2e\xca\x58\xbe\x9d\xa0\x06\xa8\x91\x13\x7f\x66\x36"
	"\xbf\xb2\xf4\xa8\x9c\x09\xc1\x4d\x24\x49\xf0\x05\xfc\x02\xfa\xb5"
	"\x1d\x2e\x0a\x49\x1d\xa2\x37\x98\x4e\xe4\x82\x59\x25\x41\x5c\x42"
	"\xd4\x71\xe4\xfa\x36\xc8\xab\x3a\xdd\x79\x6b\xd3\x26\xf3\x26\xf5"
	"\xf5\x92\x82\x89\x62\xa7\xda\x04\x21\x91\xff\xd1\x94\xa4\xa1\x4a"
	"\xb0\x80\x78\xdb\x16\x13\xec\x3b\x6f\xbb\x23\x73\x69\x18\x85\xc2"
	"\x16\x3e\x6d\x8a\x5e\xd6\xc5\xc6\xeb\x9f\x2a\x22\x0f\x33\xd3\xc3"
	"\xd2\x08\x3a\x20\xd0\x66\x19\x72\xc9\x02\x6a\x07\x45\xd9\x7e\x83"
	"\x78\x92\x0d\x10\x56\xed\xb7\xc8\x96\x4b\x81\xec\x5c\x10\x3e\x23"
	"\x6c\xd7\x88\x16\xae\x82\xf6\x2e\xd0\x21\xdd\xf8\x0b\x62\x69\xbe"
	"\x1c\x96\x86\xdd\xc2\xd4\x7c\xb0\xf0\x04\xd6\xdc\xb3\x90\x6d\x77"
	"\x4b\x7b\x5d\x2a\x08\x71\xdd\x1d\x0b\xf3\x0d\x36\xa5\xf9\x59\x13"
	"\xb0\x78\xf0\x75\x31\xf6\x92\x1e\x32\x2d\x2b\x49\x69\x97\xad\x37"
	"\x4b\xfc\xe6\x1f\xc9\xfd\xad\x8f\xf5\xfb\x20\x4e\x4f\xaa\x53\x9c"
	"\x78\xa0\xca\xf8\xf4\xd2\xb4\xd3\x57\xc5\x25\x2b\x72\x7f\xb7\xdb"
	"\xe1\x43\x34\xf4\xcd\x6a\xe4\x50\x8f\xcf\xa4\xa9\x1a\x66\xec\xeb"
	"\xed\xce\x5f\x7a\x8b\xce\x36\xc4\x01\x77\x22\x69\x86\xf8\x29\x0e"
	"\x90\x47\xbe\x9e\x5d\x2e\x88\x9f\x08\x80\x8e\xac\xb0\x66\xc0\xf7"
	"\x15\x6b\xaf\xc5\xfb\x3a\x2d\x8f\xb6\x62\x32\x1a\x57\x70\x82\x8c"
	"\x1c\x78\x00\xe4\x9c\x6e\x1c\xa3\x20\x3c\x72\x05\xdf\xd4\x94\x97"
	"\x89\x25\x60\x64\x6e\xbb\x44\x0c\x81\xdf\x1c\x31\x32\x69\x91\x31"
	"\xc9\x74\x07\x15\xfe\xd3\xe2\x2b\xc4\xa5\xeb\x13\x7a\xf9\x89\x4b"
	"\x37\xa7\x14\x51\xcd\xf8\x90\xf4\x16\xae\x72\xd6\x99\x6e\xfa\x16"
	"\x09\xd8\xb6\xba\x8b\x8e\x91\x78\xdc\x91\xeb\x70\x7e\x69\x10\xcd"
	"\x0e\x78\x68\x79\xf1\x31\xf5\x12\x64\xf8\xa7\x51\xb3\xac\x18\xd5"
	"\x72\x85\x79\x80\x98\x77\x33\x7c\x05\xc8\x10\x5f\xbb\xb2\xa2\x2c"
	"\x33\x72\xcd\xab\xef\x33\x1c\x9e\x70\x7d\x2b\xae\x6a\xe4\x52\x40"
	"\x76\xa1\x09\x8d\x5b\x57\xae\x71\x44\x09\xda\x67\x2a\xa2\x07\x5a"
	"\xd7\x64\xa3\xf9\xcf\x24\x54\x2f\x99\xa9\x02\x35\xd4\xb4\x9a\x5e"
	"\x23\xf8\xcf\xd7\x88\xcc\xa6\x93\xcf\x91\xe7\x2f\x3c\x47\xcd\x84"
	"\x3e\x18\xe7\xfa\xe1\xf4\x63\x9d\x27\x60\x33\x2a\x81\xa2\x43\x30"
	"\x4f\xdc\x31\xbb\x5f\x50\x67\x35\x5a\xd5\x1d\x34\xb3\xa9\x28\x61"
	"\xce\x87\x6c\x16\x67\xe0\xe0\x29\x58\x86\x94\x5d\x52\x98\x46\x1d"
	"\xd7\x29\x74\xc7\x3f\x78\x40\xe7\x1b\x87\x04\xf4\x68\x4b\x4a\x1f"
	"\xd5\x93\x13\xf1\xca\xe1\x12\xda\x30\x7e\xb8\x7a\x05\x0c\x4e\x7c"
	"\x75\x61\x25\xf0\xb8\x4d\x5e\x20\xf8\x2c\x7d\xe3\x9c\x3e\x8a\x27"
	"\x87\x08\x22\x1d\x8e\xc6\x85\xe6\x81\xb8\xb5\xf4\x8f\xae\x8c\x39"
	"\x03\x21\xdb\xac\xba\x90\xc8\xe2\x92\x40\x7c\xc1\x2e\x88\xf8\xb6"
	"\x39\xc6\x0a\xd5\xf0\xfd\x31\x9b\xd4\x1b\x16\x05\x76\x0e\x27\xa9"
	"\x87\x38\x4f\x87\x1b\x79\xf1\x0f\x08\x19\xfb\x70\x79\x01\x0e\xa3"
	"\x3f\xf7\x04\xb6\x2f\x3f\x7e\x7b\x78\x95\x0c\x67\x7f\x79\xf8\x78"
	"\xe5\xaf\x7a\x7e\xf8\xf8\x7d\x40\x19\x8c\x10\xd8\xba\x73\xce\x5a"
	"\x70\xca\xc2\x8e\x09\xa2\xf8\xcc\x28\x4e\xb7\x6d\xe2\x72\x53\xae"
	"\xc9\x45\x06\xff\xd5\x1f\x3f\x7f\x7d\xa0\xf7\x42\x05\x8b\xa2\x12"
	"\x6d\x09\x7e\x0e\x8c\x8b\x5a\x5a\x92\x40\x27\x4d\x27\xcc\xfd\x52"
	"\x06\x1c\xc3\x18\x07\xb4\x44\x30\xc1\x26\x7c\xca\x88\x31\x8e\x8c"
	"\x80\x64\xa4\xae\x68\x7b\x92\xcc\x5f\xa2\xe4\xcd\xfb\xf3\xdb\xb7"
	"\xa7\x1f\x5f\x1f\x5e\x7e\x7c\x3c\xbf\xfd\xf3\x69\xc2\x70\xd1\x3f"
	"\x56\x34\x2c\xb6\xbf\xfc\x53\x71\x35\x73\x4f\x4b\x71\x7c\x9e\xb0"
	"\xd2\x0c\xc9\xd8\xa2\x27\xe5\xa7\xf8\x0a\x74\x3a\x35\xd2\x6d\x7b"
	"\xc2\x35\x56\xea\x37\x96\xe4\xb3\x75\xd1\x84\x47\xc6\xb5\xc9\x38"
	"\xef\xea\x30\xcd\xce\xfe\xfc\xfd\xb2\x9b\x0b\x92\x44\x01\xb7\x17"
	"\x85\x6b\x99\x41\x61\x72\x51\x55\xde\x04\xac\x72\x5d\x4f\xb0\xaa"
	"\x74\x0d\x8c\xee\x6f\xcc\x3b\x28\x26\x5e\xc4\x43\x1a\xdf\x47\x98"
	"\xb5\x34\x05\x50\xae\xd7\xc8\x3e\x71\x02\x32\x1d\xec\xdc\x20\xf5"
	"\x29\x30\x17\xe1\x91\x6f\xdc\x11\x26\x0d\x05\xe3\x7b\x1b\x07\x26"
	"\xea\x99\xd3\xab\xcd\x6e\x6d\x47\xa6\xa7\x53\x10\x19\xbf\xba\xbc"
	"\x8e\xdf\x07\x53\x50\xa8\x43\x81\x89\xf6\x2a\xd2\xcd\x56\xe8\x22"
	"\x05\x37\xb3\xa9\x7c\x58\xbc\xe1\x6c\x92\xa4\x9d\x1e\xa3\xe1\x42"
	"\xc0\x86\xa7\xa7\x8d\x25\x14\xa4\x9a\xa6\xc6\x12\x24\x9d\x30\x5a"
	"\x91\xeb\x24\x23\xb0\x86\x29\xd9\xdb\x38\x41\xbb\x95\xe7\xf8\xb8"
	"\x72\x58\x3b\x5a\x34\xdb\x2d\xfd\xa5\x1b\xb3\x5c\xba\xde\xd5\x6e"
	"\x97\xeb\xbd\x03\x14\x32\x07\xa0\xac\x3c\xdf\xb3\x63\xf2\xf8\x52"
	"\x23\x4b\xda\x88\x01\x2a\x7f\x58\xb9\x1d\xaf\xeb\x8f\x1e\x1d\xa0"
	"\xba\xb8\x90\x0b\xb9\x3a\x50\x4d\x7e\x0a\x1c\x5f\xb6\xe0\x13\xec"
	"\xca\xf1\x5d\x33\x5f\xce\x1b\x58\xc8\x84\x11\xd9\xd6\xce\xf7\x85"
	"\xa4\xf4\xbc\xd6\xd1\x01\x02\xc4\x2e\xa1\xd4\x3f\xeb\x12\xe3\xbd"
	"\x7d\x15\x02\x31\x57\x8a\x43\x31\x9f\x4b\xc5\x22\x81\x2e\x00\x7c"
	"\x7d\x80\x68\xbd\xda\x09\xf5\x90\xc6\x95\x66\x82\x85\x4d\xbb\x61"
	"\x96\x91\x03\x80\x1c\x33\x8d\x80\xb0\x08\x90\x4b\x51\x23\xe4\x90"
	"\x20\x2e\x8a\x37\x04\x16\xe1\x54\x43\x74\x99\x0b\xd4\x50\x3e\x41"
	"\x64\x08\x6f\xd4\x08\x13\x7a\x0d\x09\x1d\x28\x46\xa3\xf8\x42\x73"
	"\x2c\x06\xe6\x88\xab\x33\x64\x29\xb9\xbd\x4f\xf8\x96\xd8\x31\x17"
	"\x52\x55\xb4\x70\xbc\x2a\x23\x07\xe1\xe2\xe5\x28\x78\x49\xc2\xb8"
	"\xa8\x82\x3b\x50\x01\x36\xb1\xdf\x60\x35\xcd\x0f\xce\x26\xb8\xd0"
	"\x88\xff\xb0\x83\x3e\x1f\xe3\xfc\xd8\x38\xba\x0a\x61\xeb\x85\xe7"
	"\xd9\x31\xb0\x29\x6a\x8c\x11\x61\x46\x48\x5b\x92\xe8\xb6\xba\x68"
	"\xc9\x7c\x3b\x88\x49\xa6\x74\xdd\xa3\xb4\x64\x42\x8e\xb9\xab\xdc"
	"\x70\x6d\x15\xa2\x63\x55\xc4\xe4\x54\x36\xac\xf2\xb7\xb4\x56\x85"
	"\x71\xa8\x16\x58\x15\xd1\x52\x53\x41\x15\xd1\xa1\x56\x6d\x01\x8a"
	"\xe0\x48\x72\xbe\x85\x3f\x18\x65\x27\x88\x0d\xaa\xdf\x2d\x1b\x65"
	"\x36\xf3\x73\x0f\x63\x71\x45\xf9\x8a\x2e\xd6\xf0\x15\x5e\xd5\xdb"
	"\xd6\x4d\x29\x84\xb2\x9f\x2b\x2b\xe0\xc3\xef\xc9\x74\x6f\xef\x50"
	"\x10\x24\x62\xdb\x1d\x42\x7e\xa4\xe3\xb6\xbb\xed\xf6\x3e\xd8\xfe"
	"\x0e\x58\xe8\xc6\x54\xde\xc2\xf7\x50\xd6\x22\x0d\x0a\x36\x9f\x2e"
	"\x43\xd8\xec\x35\x64\xc3\x77\x37\xb4\x0d\x69\xe5\x84\x06\x8d\xef"
	"\x2d\xbc\xe5\x7d\x38\xdf\x5d\x67\x38\xda\x2a\xf2\xb8\xa3\x61\xbe"
	"\x5b\x22\x7b\x22\x0d\x7f\xdd\x85\x75\x76\xf0\xbc\xc5\x1d\xd0\x1a"
	"\xd4\x08\xd4\x87\x74\x8e\x5d\xdd\x07\x8e\xae\x39\x29\x91\x5b\xb3"
	"\x2a\xee\x48\xb2\x92\x1d\xe9\x1d\x39\xc6\x71\x4d\xdd\xa0\x03\x49"
	"\x49\x7b\x27\xac\x1f\x2b\x6e\x74\x1b\x2e\x31\x8f\x6b\x15\x97\x34"
	"\x9f\x68\xcd\x1a\x27\xee\x50\x14\x11\x75\x17\xf2\xc8\x97\x37\x24"
	"\x46\x87\x0a\xa3\x29\xf5\xb1\x90\x27\x2a\x8e\x6d\xd8\x75\x8b\x04"
	"\x05\xd1\x4a\xd7\xe4\x9f\xef\xf8\x1a\xa7\x3a\xf1\x3d\xdf\x3d\xae"
	"\x63\x6c\x35\xd4\x41\xee\x9e\x22\xb5\x92\x0b\xca\x34\x30\xc7\xde"
	"\x33\x01\xf0\x6d\xbd\xe7\xed\xee\xc8\x92\x6f\xed\xd7\xf7\x74\x82"
	"\x2c\x63\x9e\xb7\x72\xc3\xe2\x34\x21\xac\xcb\x68\x79\x07\x16\xd7"
	"\xd1\xb5\x8e\x90\xb5\x9b\x26\xed\x6a\xe6\xae\x35\xcd\xe3\x96\xba"
	"\x9b\x3c\x3b\x6d\x3d\xdf\x89\xe2\xaa\x48\x06\x44\xaa\xee\xaf\x1c"
	"\xd5\x5d\x52\xaf\xdb\x85\x7b\xd1\x10\xff\xae\xe8\xe1\x58\xdf\x07"
	"\xbd\x50\x77\x27\xbb\x73\xf6\xbe\x44\xb5\xf0\xa1\xb9\xa7\xf7\x88"
	"\xe3\xe4\x22\x2b\x0b\x46\xeb\xf8\xbe\x92\xd2\xda\xbf\x63\x69\xe0"
	"\x1f\x51\xcc\x4e\xc5\x3d\x48\x7f\xb1\x58\xdd\x89\x5b\xdf\x89\x73"
	"\x8f\xeb\x2a\xeb\x90\x48\x71\xda\xa4\x43\xd3\x98\x44\x77\xc0\xd8"
	"\x5d\xed\xcd\x6a\xcf\x5f\xfa\x77\xc0\xb2\xe4\x9e\xc2\x35\xd5\x6a"
	"\x71\x0f\x2a\xe1\xdb\x3f\x9c\x2a\x51\x03\xb7\xbb\xcd\xfa\x8e\x8f"
	"\x51\xb2\xcd\x7a\xb1\x75\x4f\xda\x9f\xe3\x7a\xe3\xfb\xee\xfe\xf2"
	"\x19\x57\x60\xb4\x8f\x56\x1c\xb3\x7e\xdb\xb1\xbc\xa3\x15\xdd\x10"
	"\x58\xe5\x85\x77\x4c\xc4\xdc\x95\x89\x1a\xbe\x31\x05\x83\x14\xec"
	"\x54\xdd\x79\xc7\x21\xef\x61\xdd\x75\xbb\x27\xf7\x62\x0f\x60\xbe"
	"\x46\x59\x89\x90\xcc\xbb\xf0\x7e\xf4\xd6\x83\x03\x72\xf7\xd7\x10"
	"\x3c\x35\x6d\xf7\xb9\xbe\xac\x7d\x77\x77\xe5\x7d\x75\x1f\x36\xbb"
	"\x45\xd2\x05\x0e\x2b\x2b\x47\x7a\x01\xd9\x2f\x08\xb6\x29\xcf\x8b"
	"\x33\x9c\xa4\x75\x79\xbd\xdc\xac\xef\xf8\xc6\xc3\x32\xc4\x98\x77"
	"\xc7\xda\x76\xab\xd7\x76\xb3\x5e\xdc\x33\x0c\xa1\xc4\xeb\xb0\x59"
	"\x6f\x88\xa3\x66\xb7\x9e\x54\x87\x99\x59\x25\xd1\x20\x7d\xc4\x0e"
	"\x47\xaf\x04\x20\x33\x3a\xdb\xe2\x78\xfd\x40\x0c\xc7\x09\xc9\x3d"
	"\xc0\xd1\xa5\xf7\x8e\xc2\x02\xaf\x16\x46\x8e\x83\x3f\x55\x81\xd3"
	"\x17\x3b\xfe\xaf\x9f\x0a\xe1\xb4\xe7\xfa\xbf\x7c\x0c\xc8\x70\x66"
	"\xaf\x73\x37\x02\x25\x87\xbc\x00\x25\x1c\x55\x28\xef\x99\xb2\xa1"
	"\x5f\xb7\x46\x7a\xfe\xde\x18\x47\xf5\xeb\x03\x32\x95\xeb\x96\xde"
	"\xaa\xb5\x1c\x72\x48\x35\x30\xe4\xe5\x75\x9c\x86\x04\x19\xf1\x90"
	"\x9e\xdf\x9f\xec\x2c\xdb\x05\x9f\x61\x6b\xcc\x82\x2b\x51\xc7\xa0"
	"\x2e\x2d\x41\xc6\xfa\x93\xaf\x6c\xb7\x5f\x79\x5d\x79\xa9\x30\x5b"
	"\xe9\x88\x03\x9f\xe0\x33\x0d\x2a\x84\x1a\x4b\xe2\x04\xc9\xb4\x08"
	"\x52\xd8\x15\xf9\xf4\xd4\x08\x48\xa1\x8f\xf2\x7b\x19\x4c\x9c\x19"
	"\xd9\xad\xac\xd5\x3e\x94\x3e\xb1\x8a\xc1\x8d\x9c\x6b\x33\xd8\xe1"
	"\xe2\x0d\x15\xc5\xc0\xb2\x57\x59\x3f\x16\x15\x01\x86\xea\xd8\xb7"
	"\x9f\x5b\xb1\x92\xe4\x3d\xd2\x06\x6c\xeb\x4f\x7b\x5b\xf3\x42\x8b"
	"\x65\xc4\x9a\xc7\x35\x26\xa8\xaf\xa4\x44\x84\x99\xb7\xb0\xbd\x05"
	"\xa8\x73\x52\xf8\x7c\xfd\x57\x40\xbf\x62\x33\x9c\xaa\x1a\x1a\xcf"
	"\x56\x8b\x30\xd9\xad\x11\x8e\xb8\x1e\x71\xc9\xdc\x9f\x08\x40\xa2"
	"\xa3\xb9\x3e\x63\x55\xd4\xa4\xba\xc2\xf5\x4c\xd7\xd7\x8c\xda\x74"
	"\x69\x1d\x9c\x34\x63\xbc\xf8\x8d\xb5\x71\x09\xaa\xa0\xf7\x07\x9e"
	"\x22\x0e\x14\x8c\xca\x8e\x54\x15\xb1\x0d\xa7\xa8\x3a\xfb\x9b\x45"
	"\x3b\x8c\x06\x17\x72\xb3\xbe\x1b\xb9\xb5\x22\xab\x8c\xce\x6d\x2b"
	"\x5a\x2e\x42\xab\xd5\xee\x36\x96\x37\xbd\x78\x1a\x3a\xc0\x0c\xf1"
	"\x86\xe3\xd9\xe3\xd3\xdb\x57\x11\xbc\x8c\xfe\xad\x78\x18\xc8\x81"
	"\xc7\xc3\xc6\x4a\x3f\xe3\x13\x09\xf0\x37\xca\xea\x21\x11\x10\xc0"
	"\xed\x84\xb1\xa9\x0a\x44\x19\xd2\x92\xf9\xc6\x03\x4e\x10\xa7\x34"
	"\x28\xa7\x0e\x19\x90\x5e\x91\x8b\xed\xb5\x92\x1c\x67\x92\xf1\xf4"
	"\xcd\xcc\xcf\x30\xb2\xbd\x3e\x9b\x2a\x74\xe4\x41\xca\xc0\x0e\x90"
	"\x67\xa0\x0c\x73\x93\x44\x15\xba\x03\xc9\x62\x23\x4f\x7e\xf8\xfb"
	"\xd3\xdb\xd3\x97\x8f\xe7\x37\x25\x0c\xc7\xb0\x2c\xea\x44\x70\x67"
	"\xa3\xf3\x67\x4e\xdb\xfd\xae\x2b\x6b\xfd\xce\x97\x64\x8a\x15\xc9"
	"\x68\x65\xf8\x56\x3d\x97\xec\xd3\x11\x46\xf1\x9b\x17\x9f\x0b\xec"
	"\xd2\x72\x77\x60\xe6\x63\x37\x11\xa7\x8c\x2b\x7c\xc6\x40\x83\x69"
	"\x04\x94\xe6\xe0\x2a\x04\x51\xef\xf4\x28\x75\xe7\x49\x8c\x1a\x49"
	"\x70\xfd\xfc\xf6\xf2\xf4\xcd\xe4\x22\xd3\xd7\x61\xe7\xeb\xeb\x96"
	"\x0c\xa4\xf2\xfa\xe3\xaf\x42\xf0\x2e\x1f\x17\x6c\x57\x06\xda\xb5"
	"\x3e\x0f\xe8\xd6\x5d\x99\x2e\xbc\x85\xad\xb5\x46\x94\x67\x43\x89"
	"\xb0\x4c\xa1\x98\x86\xf8\xd6\x34\xce\xe8\xd4\x6d\x77\xfa\x40\x46"
	"\xda\x25\xca\x54\xaa\x42\x5a\x1b\x04\xe2\x2a\xa7\x13\x1b\x85\x8e"
	"\xe8\xb7\xbd\xd3\x07\x3f\x21\x9f\x71\x78\x35\xcb\xf0\x2c\x21\x2e"
	"\xf2\x21\xce\xa9\x21\x5b\x10\x81\x56\x05\x62\x77\x06\xe0\x8b\x90"
	"\x74\x22\x3a\x26\x9d\x5c\xa4\x9d\x00\x65\xd4\x2b\x03\xab\x1a\xfa"
	"\xc4\x9d\xd8\xa3\x75\xa4\xb0\x30\xcc\x91\x1b\x24\x23\xc2\xdb\x50"
	"\xb6\x6d\xad\x5f\xa9\x9f\xc8\x3e\xd5\xe4\x80\x06\xc2\xd6\xa1\x2e"
	"\x18\x4d\xda\x4d\xbb\xb1\xf6\x9e\xfe\x7e\x4a\xc9\x9c\x99\x91\x2a"
	"\xb4\x89\xab\xd2\xb7\x89\x13\x96\x76\x69\xe9\x7a\x47\x08\xb7\x6f"
	"\x49\xce\x97\x4c\x7a\xa0\x21\x9f\x06\x2a\x1b\x1a\x98\x55\xb1\x68"
	"\x7a\x7c\x7e\x04\xaf\xd6\xbc\x36\x6f\xcb\x8e\xe7\xb0\x8b\x42\x84"
	"\x6c\xb0\xcc\xa0\xcf\xe5\x91\x39\x2a\xca\xf1\xc2\x17\xa4\x3c\xd2"
	"\xd7\xe2\x31\x51\x44\x79\xe1\x13\xbd\x39\xa4\xd6\x0d\x06\xbd\x4a"
	"\x4e\xc4\xb7\xbd\xf8\x4d\x3a\xe7\xa6\x22\x65\x09\x34\x3c\xf3\x39"
	"\xb0\x27\xd5\xfd\x62\x58\x2a\x94\x70\x0c\x17\x5b\x88\xcf\x3a\xe4"
	"\x7f\xca\x0c\x89\xee\x79\x46\x97\x7d\xde\x77\xd2\xeb\xe4\x03\xf4"
	"\x5c\x81\x4f\xbf\x29\xa1\xaa\x86\xac\xb8\x12\xd8\x85\x47\xa2\xdc"
	"\x93\x17\x49\x22\x64\x56\xc3\x02\x3d\x39\xb9\x44\x7d\xe0\x99\x81"
	"\x78\xfb\xe6\x57\xcc\x20\x78\x0d\xab\xc3\x73\x19\x21\x01\xd9\x49"
	"\xc4\xca\xaa\x9c\xf0\x01\x8a\x24\x5b\xb4\x1e\xfe\x60\x15\x05\x66"
	"\x61\x15\xac\x2d\x11\x73\x34\x18\xec\x03\x58\x7f\xcf\xc2\xc4\x80"
	"\xd0\x77\x94\xaa\x61\xb5\x88\x3c\x30\x86\x8b\x95\xae\x73\x7e\x68"
	"\x70\xa6\x54\x23\x94\xf2\x1f\x9d\xf0\x4c\xa1\x79\x52\xe8\xc9\x60"
	"\x8e\x26\xf5\x24\x8d\x37\xb9\x16\xc1\x11\x12\x33\x71\xf7\x42\xde"
	"\x7a\xfd\xf5\xed\xe3\xe5\xe7\xb7\xe7\x3f\x78\xe7\x81\x97\x87\xbf"
	"\xbf\xfc\x34\xad\x87\xf0\x18\xa9\x02\xb9\xcd\x09\xc1\x41\x2c\xce"
	"\x11\x52\x8a\xfe\x0d\x16\xb5\x64\x04\xf0\xbf\xad\x88\xb4\x0e\x57"
	"\x4b\xe4\xcc\x60\xc0\x94\x21\xd9\xaf\x57\xde\x1d\x98\x3f\xec\x18"
	"\x9a\x87\x75\x95\x5a\x31\xd8\x15\x68\x90\x47\xf1\xbd\xb9\x64\x69"
	"\x1b\x96\xa9\xa9\xf7\x02\xa2\x0f\xf4\x0b\x3b\x21\xfd\xab\x91\xf4"
	"\x50\x04\xb7\x70\xca\xf0\xb5\xc6\xad\x3c\xc4\xc5\x99\x44\xd8\x29"
	"\xc3\x07\x96\x41\xfa\xef\x10\x17\xe7\x16\x0d\xd4\xb4\x63\x92\xd9"
	"\x53\x6f\xbd\x5c\xa3\x25\x17\xf2\xcd\xd2\x2e\x6f\x2d\xf2\x2c\xda"
	"\xae\x37\x36\x31\x70\x4e\xa2\x72\x8a\x9d\xd4\x09\x21\xc3\x4c\x37"
	"\x5c\x58\x52\xda\xae\x50\x69\x2e\xcc\xe7\x3e\x2a\x67\x94\xad\xd7"
	"\xfb\xb5\x4d\xbe\x41\x2e\x69\xf5\xe2\xfd\x06\xef\xe4\x67\xe4\xaa"
	"\x51\x2f\x9b\x1c\xa3\xdf\xa6\x88\x7f\xbd\x7f\x3c\x7f\x7f\xf8\x07"
	"\x84\xa9\x95\x5f\xf3\xe1\xcf\xdf\xf9\x67\xfe\xf6\xaf\x87\xe7\xef"
	"\xff\x78\xfe\xfa\xf5\xf9\xeb\xc3\xdf\x7a\xd4\x5f\xf9\x8e\xf7\x0b"
	"\x1f\xd5\x7f\x99\x7e\xf0\x9e\x38\x11\x7d\x7f\x08\xbe\xfb\xd6\x41"
	"\x1c\xc5\x8c\x1e\x72\x11\x1e\xdb\x14\x7a\x01\xc5\x22\xf7\x7a\x00"
	"\x16\x67\xf1\xd9\x47\x46\xc6\xd4\xff\x74\x48\xeb\x24\x8f\x33\xcd"
	"\x3f\x89\x28\xb2\xf8\xa7\x2e\x32\x12\xd1\x13\x2a\x2f\x70\xb7\x4a"
	"\xd1\x8f\x42\x62\x8b\x30\x01\x10\xc1\x8d\x33\xdd\xf7\x0a\x41\x53"
	"\xa2\xf9\x56\xa7\x65\x6b\xe9\x3f\x59\x8d\x70\x08\x83\xb8\xe7\x43"
	"\xc0\x9f\x97\x5b\xbc\x79\x10\xb6\x3f\xf8\x6e\xe1\x07\xd7\x7f\x38"
	"\xe6\x6f\x72\x9a\x78\xfa\xfa\xf4\xf3\x03\x9f\x1e\x22\x5a\xc0\xed"
	"\x96\xc6\xc7\x0b\xd3\xc7\x68\xe5\xaa\x3c\x76\x78\x2b\xaa\x5b\x04"
	"\x45\x9d\x34\x9f\x3f\x77\x05\xa3\x09\x5e\x33\x02\xcb\xe8\x19\xef"
	"\x50\x35\xcd\xaf\xd3\xe8\x57\xa2\xd0\xc5\xc7\xef\x72\x31\xeb\x2b"
	"\xa6\x8c\x92\x69\xa5\x60\xd1\x3f\x5b\xc6\x7e\x8d\x9c\xf8\x08\x61"
	"\x4a\xce\xb1\xa5\xbb\x83\x9f\x3e\x1e\xb1\x72\x84\xc0\xac\xee\x80"
	"\x4c\x76\x59\x83\x7c\xa9\xee\x0a\x96\xbc\x32\x04\xe2\x03\x6a\x7d"
	"\x70\xd8\x32\x97\xba\x22\x56\x52\xf4\x5a\x0f\xc8\x64\x46\xd3\x27"
	"\x8c\x3a\x78\x49\x1f\xb2\xa7\x77\xe8\x36\xe1\x6d\x81\x89\x0c\x2a"
	"\x39\x44\x9b\x12\x7a\x8b\x79\x4f\x0f\xe2\x56\x06\xa5\x92\x5c\x5c"
	"\x28\xcc\x46\x6c\x02\x72\xdb\xac\x26\x2b\x3e\xcc\x43\x28\x04\x9d"
	"\xf3\x40\x08\xba\x0c\x1a\x39\x8f\xcb\x0b\xd9\x33\x51\x79\x99\x2e"
	"\x90\x73\x41\x21\x6d\x89\x8f\x29\x8a\x5c\x3c\xb0\x1d\xa0\x80\x47"
	"\x63\x48\x62\x21\x31\x4d\x4d\x20\xe0\xea\xe9\x8e\xaf\x61\x0b\xbc"
	"\x50\xd6\x49\x06\x00\x2d\x70\x88\xe1\xd2\xd9\x14\xa4\x89\x3f\x5f"
	"\xf3\xc7\xac\xec\x0e\x8f\x93\x56\x1d\x3b\x58\xf9\xf6\xfa\xf1\xfa"
	"\xe5\xf5\x5b\xdf\xd3\x54\x6b\x65\x29\xba\xcc\xe4\x9e\x0d\xa4\x42"
	"\xdc\x61\x11\x1d\x79\x1a\xdc\x53\xaf\x58\x1a\x6f\xfc\x76\x81\xca"
	"\x67\x43\x7c\x94\x65\xda\xe8\xe2\x2a\x23\xcc\x24\xfc\xff\x62\x93"
	"\x6c\x11\xc9\x71\xa7\x29\x8f\x8c\x1a\xd9\x14\x98\x4e\x9d\xc0\x90"
	"\x48\xef\x5c\xf2\xf0\xe5\xdb\x8b\x8c\x11\x39\xdf\xb6\xc3\x83\x61"
	"\x4a\x81\xee\xf5\x24\x94\x53\x84\x7b\x61\x44\x09\x33\x9c\x0b\x34"
	"\x1d\x20\x63\x49\x7e\x7b\xfe\xf1\xfc\xf6\xf4\xf1\xfa\x36\xdf\x8d"
	"\xd6\x25\x2f\xe7\xeb\x97\xff\x9c\xab\x37\x5c\xd4\x79\xeb\xdd\x8e"
	"\xe7\x5e\x08\x6f\x79\xf5\xb6\x9c\xa4\xf5\x79\x80\xeb\x5a\x79\x5c"
	"\x5f\x8a\x4a\x50\x85\x08\x45\x9b\xd5\x24\x2b\xe1\xc4\x54\xb9\x36"
	"\xf7\xf4\xf5\xeb\x0b\x5c\xa6\xe3\x2b\x9b\x78\xdb\xfb\xbf\x2b\xef"
	"\x91\x5b\x73\x85\xa4\x82\xe6\x52\x13\x52\x00\xfc\x5f\xb7\x04\x20"
	"\xd4\xae\x80\x0f\x7a\x14\x28\xaa\x31\xcc\xcc\xb6\xdd\x7e\x2f\x83"
	"\x8d\xad\x55\x9e\x85\xa5\xbf\x64\x8b\x9d\x15\xc4\x78\x3d\x11\x4b"
	"\xd5\x08\x69\xbd\xf5\xc2\x74\x3c\x3a\xbe\x88\x69\x46\x85\xb1\x7c"
	"\xe5\xe3\x6e\xb1\x59\xd9\xeb\x00\x98\x9d\x1d\x43\xcb\xc7\xd5\xc2"
	"\xdb\xbb\x30\xce\x77\x09\xcc\xd6\x8e\xe1\x55\xd9\x6d\x10\xdb\x96"
	"\x8a\xd9\xbb\x30\x40\x3a\xe1\xad\x9d\xf9\xb4\x77\x94\x67\x8f\xdc"
	"\x6b\xd2\x30\xfb\x3b\xf2\x59\x6e\xef\x78\xd7\x1d\x98\xfd\x3d\xe5"
	"\xd9\x59\x3a\x8c\x58\x32\xc4\x14\x06\xd3\x97\xa9\xef\x48\x04\x0b"
	"\x24\xc2\xde\x3d\xa3\x6c\xb7\x5a\x5b\xde\x76\x2a\xf4\xbb\xd2\x43"
	"\x7a\x4a\xeb\xc2\x9a\x73\x4a\x0e\x05\x72\xe4\x3e\x40\x02\xbe\xa9"
	"\x20\xf6\x61\x7a\x3a\x92\x4f\x8e\x01\x16\x36\x01\x71\xd5\x71\xd2"
	"\x2b\x27\x77\xf8\x92\x72\xdc\x60\x88\xd0\x14\xf5\xdf\xfd\x85\x0d"
	"\x03\x17\xa6\xfd\xe5\x38\x1d\xf1\x24\x8d\xe3\xac\x4f\x10\xf6\x30"
	"\x88\x43\xc4\xdb\x2a\xa3\xf5\xdf\xd7\x9e\x3f\x20\x8a\x64\xd0\x9a"
	"\x26\x8f\xd0\xea\x71\x4a\xb6\x2b\xa7\xb4\xe9\xdc\xae\x3c\x27\x03"
	"\xc7\x8d\x96\xa3\xe7\xef\xaf\x6f\xff\x7a\xf8\xfe\xf4\xf3\x27\xd7"
	"\x36\xc5\x63\x86\x5d\xb6\x78\x6e\xbb\x6a\x25\x85\x9c\xf9\x04\xac"
	"\x1c\x0f\xf2\x70\x79\x74\x21\x65\x80\x8b\x93\x1a\xfe\x87\x1d\xd3"
	"\x08\xc8\x38\x99\xdb\x34\x55\x89\xac\xd0\x1d\xa0\x90\x1f\xd3\x4b"
	"\x84\x4b\xb3\x60\xb7\x61\x88\x7f\x9f\x04\xf0\x55\x0e\x51\x07\xe5"
	"\x21\x62\xba\x40\x7c\xb5\x87\x8f\x10\x22\xdd\x5d\xc8\x5b\xa8\xa8"
	"\x45\x6c\x56\x08\xc1\xaa\x20\x6a\xfd\xfc\xc7\x4f\xbe\xd8\x9a\xbe"
	"\xa2\xed\xd2\x6d\x0f\xc8\x2d\xd5\x12\xb7\x28\x17\x0b\x07\xc0\xb7"
	"\x34\x9c\xb0\xe2\x2d\xad\x00\xf0\x74\xb0\x00\xea\x92\x86\xfe\xce"
	"\xd6\x4b\xf8\x3b\xd2\xcd\x5a\x0f\x40\x2e\xbb\x7b\x12\xcd\x1b\xa8"
	"\x37\xb4\x51\x57\xd3\x05\xf5\xae\xb5\x96\x9b\x76\x22\x78\x03\xb2"
	"\x84\x0c\xa0\x58\xa2\x90\xf0\xe8\xd2\xf9\x22\x0a\x97\xbe\xd7\x1a"
	"\x37\xd2\x8e\x42\xf2\x51\xea\x6d\x56\xd6\xef\x03\x71\x19\x5b\xd7"
	"\x27\xb6\xf4\xdd\x2c\x5c\x2e\x77\x3b\x5b\xf3\x53\x56\x20\x01\x53"
	"\x65\xef\xad\x88\xb7\x5a\x2c\x91\x83\xa1\xde\x1c\x14\x9d\xe7\xa7"
	"\x12\x60\x28\x98\xd5\x5f\xa5\x83\x28\xf2\x5c\x58\x8f\xf8\x34\x58"
	"\x8b\x7f\x68\x1c\x38\xe6\x3a\x49\x8f\x2a\x72\x36\xa9\xe7\x52\x26"
	"\xae\xf2\x6b\xab\xda\x2d\xb9\x0b\x20\x3a\x6c\x1d\x58\xb2\x96\x38"
	"\x74\x36\x9a\x82\xe0\x9f\x35\x76\xca\xa6\x82\x33\xe4\x68\x57\xc5"
	"\x88\xb5\xbd\xc4\x16\x56\x05\x98\xd6\xa1\xbf\x5f\xfb\xf6\x36\x18"
	"\xe2\xae\x1a\x73\x30\x14\xdb\x80\x12\x13\x9b\xb2\x5b\x57\x44\x72"
	"\x4e\xc4\xb2\x97\x52\x99\x54\x24\x09\x16\xba\x06\x30\x55\x2c\xa2"
	"\x41\x4f\x1d\x89\xb5\x4c\x59\x53\x96\xe9\x75\xfe\x32\x99\x6e\x39"
	"\x62\x2a\x81\x5e\x13\xa0\x68\x80\x31\x58\x9f\x48\x14\x76\x01\xa9"
	"\x6b\xd4\x3d\x13\xe2\xaf\xe2\xd9\xc0\x81\x0f\x50\x9c\xc2\x6c\x8d"
	"\xad\x23\x7d\xf6\x5d\xc4\xfc\x2d\x32\x1a\x35\xc8\x1d\xb9\xf8\x56"
	"\x48\x1a\x1f\xf8\x66\xe6\xbc\xb4\x82\x58\xc0\xac\x35\xc2\xe4\x43"
	"\xc4\x4b\x4c\x3e\xe4\x1f\x3c\xfa\x68\xc0\xe9\x01\x03\x77\x82\xb6"
	"\x8b\xd5\xe2\x1e\x90\x6f\x2d\x2d\x65\x25\x80\xac\x18\x9e\xd1\x6e"
	"\xbf\x58\x5a\x31\x69\xb9\xdb\x22\x77\xad\x06\x08\x3a\x3f\xdc\xde"
	"\x23\x5a\xc8\xfe\x9e\x3a\x5c\x6e\xd6\x9e\x15\x33\x4c\x8d\xa2\x05"
	"\x56\x1b\xe4\x34\x67\x40\x4b\xe5\x20\x0b\x02\x2b\x8a\x7f\x95\x95"
	"\xb7\x6e\xdd\x98\xfd\xc2\x89\xf1\xd7\x5b\x27\x66\x8b\x1c\x71\x29"
	"\x98\xf5\xce\xf1\x2e\x5e\xa9\xe5\x6a\x6b\xed\x23\x07\xd2\x1c\x62"
	"\x39\x35\xae\xec\xc3\xa7\xaa\xd7\x8b\xa5\xbd\x0f\x54\xf5\x7e\xb5"
	"\x5e\xcf\xd6\xb4\xc7\x5f\x4f\xdf\xbe\xbc\x7e\xff\xfe\x50\x3f\x7f"
	"\xf9\xfd\xc7\xeb\xb7\xd7\xdf\x5e\x9e\xdf\xff\xed\x81\xfe\xf8\xf2"
	"\xef\xc2\x7b\xec\xb7\xe7\x37\x61\x38\x49\x7e\x3d\x7f\x7b\x38\x3c"
	"\xfd\xfa\xed\xd9\x64\x22\x12\xbe\xc1\xbc\x46\xe6\xee\x3c\x48\xd7"
	"\x56\x69\x8a\xdd\x81\x12\x80\x73\xd6\x05\x19\xc3\xe5\x7c\x43\x1a"
	"\x93\x6a\xa8\x2d\xc2\xe2\x1a\x78\xcb\xdd\xff\x27\xed\x4a\x9a\xe3"
	"\xc6\x91\xf5\x5f\xd1\xb1\x3b\xa2\x5f\x34\xf7\xe5\xf0\x0e\xe0\x56"
	"\x45\x8b\x9b\x08\x14\x8b\xf2\x85\x51\x2d\x95\xbb\x15\x61\x4b\x0e"
	"\xd9\x7e\xe3\xf9\xf7\x0f\x09\x92\x55\x24\x8b\x09\xd0\x33\x07\x4b"
	"\x16\xf2\x03\x90\xd8\x13\x60\x2e\xad\x1a\xe3\x6b\x03\xa6\xab\xc0"
	"\x2d\x4d\x45\x1f\x71\xac\xad\xf7\x56\x5c\xaa\x32\x1d\xed\x32\x12"
	"\xc9\x4e\x52\x9c\xdd\x3f\x18\x4a\x0b\x14\x0d\x7e\x28\xca\xa6\x94"
	"\xf4\x68\x22\x4e\x03\x53\x05\xb0\x24\x35\x20\x31\xc0\x33\x47\xd7"
	"\x75\x59\xf7\x79\x6b\xdc\x5f\x54\x54\xf2\x45\x28\x28\x48\x18\x3f"
	"\x75\x2c\x9e\xa5\x7b\x6d\xbb\xd3\x77\x7e\x23\x5c\xd7\xd1\xeb\x6f"
	"\xbb\x24\x72\x4d\xc4\x66\x72\x02\xb1\xb6\x40\x3c\x05\x24\x07\xd3"
	"\xf0\x0d\x18\x7b\x03\xc6\xd9\x80\xf1\xd5\x18\x53\xc9\x8f\x6f\x58"
	"\x9a\x02\xc3\x78\x0f\xaa\x31\xd6\x26\x8c\xae\xc6\x38\x86\x1a\xe3"
	"\x6e\xa8\xcb\x55\xf4\x33\x0d\x5d\x47\x35\x5e\xb4\x8a\x11\x97\x43"
	"\x17\x08\x6b\x2b\x79\x21\x11\x75\x0c\x4d\x81\xd0\x55\x9c\xa4\xf6"
	"\x3d\x68\x81\x4a\x31\x89\xab\x7b\x9a\x9d\x28\x31\x9e\x81\xed\x32"
	"\x17\x90\x6d\xba\x36\x95\x63\x18\x65\xf1\x81\x11\x2c\xc0\xf2\x88"
	"\xdb\x65\xb6\xee\xa1\x8a\x9e\x17\x8c\xa1\xa9\x30\xae\xa3\x11\x15"
	"\x42\x3e\x73\x86\x4f\xf9\x85\x14\xb4\x4f\xf7\x8e\x6e\xca\xc7\x2b"
	"\x85\x37\x9a\x23\x16\x00\xf7\x82\x62\x9e\x2b\x05\x7c\x08\x2d\x39"
	"\xc3\x5c\x08\xaf\x75\x43\x31\x79\xc4\xe1\xb6\x8b\xe5\x18\x21\x26"
	"\xd8\x6a\x8c\xaf\xa9\x30\x5c\x96\xd2\x95\x18\x43\xb7\xd5\x18\xc3"
	"\x50\x63\xac\x0d\xe5\x38\xda\x06\x8c\x9c\x67\x61\xa9\xaf\xab\x31"
	"\x8e\xe6\xd8\x6a\x90\xee\xab\x31\x8e\xa7\xc4\xf8\xae\x0a\x62\xea"
	"\xae\xa2\x13\x39\xc8\x51\x6d\x2d\x02\x63\xfa\x6a\x8c\xb5\xa1\x2e"
	"\x5b\x53\x63\x36\x35\x4c\x31\x13\xf3\xb0\x32\x55\xa7\x2d\x0b\x31"
	"\x7b\xe9\xeb\x39\x11\xa2\x5a\xd3\xc3\xec\xc9\x1d\x53\x01\x50\x9c"
	"\x45\x1c\xa0\x2c\xc1\x56\x01\x5c\x15\xc0\x53\x00\x3c\x15\x93\x9e"
	"\x8a\x49\x4f\xc5\xa4\xa7\x62\x52\xb5\xb9\x70\x59\x44\x05\x50\x31"
	"\xe9\xdb\x86\x69\xa9\x31\x96\xbe\x01\x23\x6f\x6f\x15\x7a\xae\xa9"
	"\xd8\x7a\x00\x63\x19\xf2\x6e\x29\x18\x28\x59\xc5\x75\x9e\x52\x86"
	"\x2a\xa4\x0f\xd0\x90\xf1\x7d\xc3\x54\x62\x5c\xc5\x7c\xe2\x18\xd7"
	"\xd3\x0c\x25\xc6\xd7\xe4\x5d\x59\x54\x22\x64\x8c\xa2\x0b\x12\xcf"
	"\xf6\x91\xd7\xcd\x1c\xd3\xaf\xbf\xe4\x3e\xe6\xca\x03\x9b\xee\x99"
	"\xe2\xb4\xe1\x08\xc5\x4e\xc1\x11\xe6\x4f\x15\x22\x54\x94\x21\xd1"
	"\xe3\xbc\x08\x7a\x79\xac\xbb\xa6\x7c\x42\xc4\x79\x28\x79\x81\xbe"
	"\x60\x0c\x5d\x8d\x71\x8e\x86\xa6\x60\x3a\xa7\xa1\xe5\xe6\xdb\x40"
	"\x8a\xe5\xd9\xc3\x02\x53\xb1\xbd\xd3\x70\x6f\x3b\xc6\x06\x8c\x29"
	"\xbf\x03\x51\xc6\xa8\x6b\xab\x38\xcf\x1d\x47\x75\xdd\x0a\x75\xc3"
	"\x8b\x3c\xe5\xed\x8e\xea\x9a\xae\x2a\x8a\xba\x9e\xe1\xa9\x31\xae"
	"\xe2\xd6\xc1\x47\xce\x53\xdd\x07\x0a\x62\x68\xbe\x12\xa2\x58\x9d"
	"\x1c\x62\x1a\xca\x53\xd4\x95\x6f\x03\x6c\x9f\x87\x8a\x63\x9f\xe5"
	"\x95\xae\xd8\x70\x04\xc4\x54\x43\x3c\x15\xc4\x52\x4c\x79\x80\x28"
	"\x9a\xdc\xa4\xc4\xf1\x1c\xf9\x6d\xa3\x61\xba\xa1\x90\x18\x1b\x06"
	"\x11\x21\xa4\x90\xa3\x67\xba\xae\xb9\x53\x62\x3c\x3d\x52\x62\xfc"
	"\x2d\x18\x63\x03\xc6\x54\x43\x6c\x15\x24\x73\x3d\x9b\xd1\x0d\x28"
	"\xa7\x50\xb6\x9e\xef\x16\xfb\x64\x03\x28\xde\x27\x12\xd5\x08\xe1"
	"\x68\xe5\x72\xd0\x4e\x9c\x6b\x40\x1a\x99\x79\x3e\x1e\x92\x40\x83"
	"\x82\xa5\x74\x69\x55\xbd\x00\xc5\x79\x5c\xef\xe2\x02\x6c\x5e\x87"
	"\xef\x3f\x5d\x14\x67\xe4\xb1\xcb\xe9\xff\x6a\x4b\xf0\xf8\xc2\xb5"
	"\x48\x2e\x93\xdb\xb4\x63\x9d\x0a\xb7\x8b\x10\x53\xae\xa2\xb7\xf4"
	"\x28\xee\xb5\xd2\x77\x65\x03\x61\xa6\xaa\xee\x98\xd2\x78\xad\x15"
	"\x53\x60\x42\xd2\x9a\x9f\x65\x98\x72\xea\x5a\x16\x30\x2d\xee\xfd"
	"\x85\x6e\xce\x32\x7c\xb6\x84\x98\x00\x04\x13\x6a\xc6\x7c\x38\x57"
	"\x2b\x40\x69\x3b\x01\x00\x9a\xbb\xdd\x52\x7d\x77\x05\x77\x6d\xd4"
	"\x6d\xc7\x02\x3d\x2b\x8f\xbd\xae\x0b\xc5\x6a\x92\xb4\x71\x7c\x5c"
	"\xaf\x0e\x6b\x93\x4b\x28\x21\x8e\x84\x95\x6c\x51\xdc\x24\x75\xfc"
	"\x20\x9b\x97\xf2\xd8\x04\x0f\x65\x9d\x3e\xac\x55\x20\x9e\x47\x49"
	"\x58\xa5\x77\x69\xc1\x4c\x4b\x6b\x41\xa3\xf1\xfd\xcb\xcc\xc6\x79"
	"\x1a\x83\x57\x68\x66\xb1\x38\xaf\x78\x33\x49\x3d\xfb\xb8\x3a\xfd"
	"\x96\xb8\x52\xd3\x0d\xc7\xe2\xcd\x58\x80\x73\xc9\xc8\x30\x58\xab"
	"\xa3\xfa\xcf\xe5\xe3\xc3\x2d\x93\xf3\x50\xc1\x22\xd7\x4a\xa9\xe0"
	"\x76\xa4\xaf\xf2\x3a\xc6\x90\x06\x51\x2d\xc0\x5b\x54\xbf\x31\xcc"
	"\x69\x22\xc8\xc2\x4a\x7a\x10\x66\x42\x03\xcd\xbe\x4d\x06\xf7\x0f"
	"\xbd\xf9\xe3\x6d\x51\x61\x59\x82\x55\xf1\x4d\xe4\x4d\xa0\x8f\x8d"
	"\xee\xa7\x59\x17\x85\x0d\x9d\x47\xf2\xe0\xdc\x97\x15\x58\x84\x2d"
	"\x8a\x41\xc2\xd8\x8d\x3e\x3e\x36\x80\x41\x61\x58\xb4\x88\x8f\x61"
	"\xc5\xd9\x00\xdb\x58\x96\x21\x5d\x08\xd3\x38\x85\xa0\xc0\x2c\xbe"
	"\x6d\xcf\x8c\xdd\x2c\xdf\x0b\x74\x13\x45\x12\x2e\xa6\x19\xfa\xa6"
	"\xa7\xd0\xe3\xbc\xf0\x88\x56\xcb\x22\xc3\xb6\x4b\xab\x98\xdc\xab"
	"\xcb\x83\xed\x3d\x6e\xd9\xa5\x5b\xf9\x3e\x9b\x2e\x94\x2c\xa6\xbd"
	"\xfe\x90\x54\x75\xb9\x36\x17\x8f\x84\x85\xfb\x68\x1a\xfa\x60\x4c"
	"\xb9\x31\x63\xbf\x10\x8a\xf2\x48\x1e\xcb\x03\x93\x14\x37\x98\xfc"
	"\x0a\x8b\xcc\xc1\x78\x33\x5a\x2d\x4b\xa8\xc0\xdd\xac\xda\xe3\xe9"
	"\xfb\xd3\x3f\xcf\x6f\x7f\xa3\x41\x0f\x68\x99\xb0\x29\xef\x73\xad"
	"\x96\x91\x20\x0b\x22\x28\xc5\x7c\x4c\xd3\x1a\xbe\x3c\x49\x41\xc2"
	"\xed\x40\xe5\x69\xf6\x06\x58\x40\x89\x1c\x35\x98\x59\xc8\x41\xd1"
	"\x51\x4e\x87\xe7\x26\xb3\x55\xb4\x4d\x6c\x22\xc7\x68\x5d\xa9\x85"
	"\xf0\x39\xea\x72\xc9\x1f\x05\xa4\x8e\xa9\x69\x31\x0d\x50\x40\x0e"
	"\x0e\x7e\x8d\x9b\x02\x46\xcd\xae\xff\xf9\xeb\xf4\xed\xfc\x7c\x1d"
	"\xe0\xf0\xf4\xfe\x3c\xdb\xe3\xc0\xad\x49\x28\x6d\x00\x2f\x79\x61"
	"\xf1\x36\x6a\x24\x29\x0b\xe7\x98\xf5\xc2\xe7\xb3\xae\x7a\x3f\x7f"
	"\x7f\xf9\x72\x7e\xfb\xf1\xfd\x6e\xf7\xc6\x27\xde\xeb\xdb\x32\x66"
	"\xcc\x30\x7b\xab\x3a\x06\xcd\xf9\xf2\x20\x04\x81\xb5\x65\x0a\x9e"
	"\xa6\x4b\x4a\xd3\x3e\x4a\xdc\x55\x92\xa3\x6b\xfe\xe9\x82\x30\x27"
	"\xab\x70\x20\xdc\x6a\xd0\x81\xa9\xf1\xa7\x1f\xaf\x4f\xa0\xa0\x7f"
	"\x1b\x66\x77\x1c\x8f\x24\xba\x59\xc9\x90\x46\x42\xe6\xf9\x96\xbd"
	"\x2e\xf5\x0b\x00\x35\x5d\x44\xe2\x1f\xc9\xc8\x6b\x6c\x6f\x9c\x01"
	"\xda\x8d\xc8\x5b\xbe\xc8\x4f\x98\xe1\xb9\x1a\x6e\xd2\x25\x40\xc2"
	"\x99\x58\x92\xc5\xed\xc2\x5a\x7f\x05\xb5\xcf\x42\xc4\xa1\x35\x60"
	"\x78\x0f\xda\xbe\x86\xdc\x0f\x05\x20\xf2\x6d\x57\xcf\x8f\x0d\x5e"
	"\x4d\x5b\x19\x1a\xee\xcc\x54\x74\x74\x0d\x46\x76\x38\x3d\x07\xdb"
	"\x74\x82\x77\x5a\x44\x7c\xcd\xc4\x79\x04\xb2\x6d\xa0\xe6\x52\x13"
	"\x88\x8c\x49\x01\xb1\xa5\x64\xe4\xcb\xd2\x85\x6c\xca\xc8\x98\x57"
	"\x37\x41\xce\x0a\xbc\xe8\x3c\xd4\x4d\x70\xbf\x26\x6b\xdf\x88\x91"
	"\x35\x70\x9f\x3a\xfc\xca\x8b\xab\xd0\xef\x19\xd8\x56\xd2\x34\x34"
	"\x51\x32\x2f\x7e\x61\x51\x7e\xf5\xf8\x53\x71\x32\x62\x1e\x0d\x34"
	"\xcc\x74\x1a\x38\xfb\x40\x8a\x8f\x5d\x98\x97\x11\x16\x23\x9c\x63"
	"\xee\xb9\x04\x8a\x54\x0d\x64\xcf\xab\x72\x2c\x22\xe7\x95\x6e\xcb"
	"\xe9\x8e\xd6\x4a\xe6\x68\xab\x5b\xf6\xfc\x09\x7e\x4e\x76\x5d\x57"
	"\xb3\x97\xfb\x89\x48\x77\x24\x0b\xbe\x07\x78\x8e\x02\xe0\x9b\x72"
	"\x80\x67\x49\x01\x9e\x8f\x38\xdc\xbd\xd0\x0d\x5b\x4e\xf7\x15\xf9"
	"\x7d\x0f\xa7\x33\xc7\x94\x65\x8f\x8b\xc4\xd0\x83\x7c\x7d\x56\xc6"
	"\x1f\x85\x5f\x85\x0a\xdf\x5c\xa4\xd4\x86\x0b\x8e\xb5\x70\x64\x81"
	"\x42\xf8\x61\x75\x40\x89\x55\x98\xd8\x7c\x61\x9b\xc8\xb0\x0b\x7b"
	"\xe4\x85\xd5\x0a\xa4\x0b\x69\xa2\xae\x72\x24\xdb\xaa\xb5\x8b\xe0"
	"\xe5\x56\xaf\x7a\x4e\xc7\xb5\xb8\x04\x39\xb4\x99\xed\x49\xe8\xf7"
	"\x9e\x86\x8f\x53\x5d\xd8\xcc\xd1\x71\x7a\xaf\xc0\xbc\x7a\x3d\x17"
	"\x64\x23\xaf\x02\xcd\x58\x36\x89\xa6\x96\xeb\xb4\xf2\x03\x8d\xe6"
	"\xb6\x86\x9f\xa9\xf4\xfe\xd1\xe3\x6b\xcf\x90\x64\x47\x8c\x09\x49"
	"\xd0\xda\x9a\xe2\x30\xa5\x2c\xaf\xd0\x26\xdd\x28\xfc\x42\x6a\x56"
	"\x99\xbe\x64\xb9\x81\x2a\xa5\x87\xf7\xa2\xb8\x22\x49\x26\x1c\xc9"
	"\x72\x24\xd6\x25\xf8\x74\xd6\x35\x44\x89\xb1\x77\xf8\x8c\x05\x64"
	"\x90\x79\x83\x16\x4c\x09\x80\x64\x17\xea\x01\xbe\x26\x07\x18\xba"
	"\x2b\x6d\x37\xef\x19\xc9\x39\x3e\x20\x6c\xc7\x56\xd5\xe2\xc9\x01"
	"\x9e\xa3\x68\xa9\xaf\x6b\x2a\x80\x5c\x58\xb8\x80\x64\x87\x32\x07"
	"\xf1\x23\x09\x79\xfb\x65\xc7\xcc\xd2\x4c\xc9\xdc\xe4\x00\x47\xb3"
	"\x14\x93\xf7\x98\xe9\x86\x6b\xca\x31\x59\x6e\xda\x92\x3d\x83\x85"
	"\xa6\xed\xf9\x78\x87\x35\xad\x27\x11\x8b\x48\x9d\x7e\x2c\x0b\x22"
	"\xed\xac\x11\x23\xeb\xab\x63\xee\x59\x92\xe3\x9b\x93\x4d\x5d\x2e"
	"\xde\x0c\x10\x45\x25\xa6\xad\xa9\x4a\x59\x58\x4f\x4e\x8f\x1a\x6a"
	"\xda\x99\xa5\x2f\xf7\x83\x21\x19\xf1\x03\x3d\x45\x2c\x5c\x4a\x8b"
	"\x4d\x57\x38\x4c\x8f\x5c\xdd\x5b\x75\x3a\x7c\x79\xd1\x99\xe6\xbb"
	"\x3e\xf3\x60\xfe\x15\xae\x88\x24\x6d\x63\x3e\x88\x65\xc6\xc8\x2e"
	"\x5e\x2f\x64\x7c\x0a\x03\x47\x75\x07\xcc\x78\xfb\x0a\x87\x57\x53"
	"\xf1\x68\xba\x9a\xe1\x06\x5e\xd5\x65\xfb\x78\x81\xae\x73\xc0\xa5"
	"\xaf\x1d\xb6\x68\xaf\x28\xb8\x9b\x79\xc8\xe6\x30\x41\x45\xb6\x89"
	"\x08\x23\x13\x50\xc1\x7f\x55\x0a\x10\x17\xda\x0d\x64\xa3\x58\x80"
	"\x74\x05\x28\x21\x85\x6d\xda\xb6\x8a\x75\x54\xc3\xfe\x0a\x49\x69"
	"\xe6\x9b\x9a\xad\x46\x39\x86\xab\x13\x05\x0c\x0e\x32\x57\xdf\x02"
	"\x32\x94\x20\xcf\x35\xda\x0d\x20\x65\x1f\x64\xfd\x7e\xb4\x01\xe5"
	"\xb8\x8e\x02\x05\x32\xbb\xed\x6d\x40\x79\x8e\xe5\x6f\x41\x39\xda"
	"\x06\x94\x6f\x1b\x5b\x50\x88\x3e\xd0\x04\xc5\xc5\x66\xe5\xcc\xaa"
	"\x92\xc3\xc7\x18\xf3\xde\x39\x81\x35\x9e\xa7\x39\x9b\x50\xde\x26"
	"\x94\xaf\x44\x1d\x73\x05\x62\x94\x91\xf7\x5b\x70\x20\x31\x4b\xb7"
	"\x99\xfe\xdb\x42\x5e\x2e\x5e\x54\x17\x80\x8c\x04\x69\x10\xa8\x0b"
	"\xca\xc2\x28\x90\x14\x03\xb5\xac\x95\x12\xd5\xcd\x18\x11\xf3\x46"
	"\xbc\xbf\x16\x41\x8d\xa8\xa4\x9a\x29\xe5\xe2\x2a\x4c\x23\x24\x13"
	"\x2b\x9b\x04\xc1\x6a\xd4\xf0\x65\xfd\xf6\x7a\xd9\x40\x72\x90\xb2"
	"\xb9\x18\xae\x39\xaa\x4d\x85\x4b\x3d\xb6\xee\x98\x86\x1a\xe6\x18"
	"\xa6\x72\x4a\xf6\x72\xa7\x61\x6e\x82\xb9\xed\x16\x98\xbe\x89\x37"
	"\xdb\xb0\x54\xa5\x35\xa8\x53\x8e\xc9\x22\x8e\x73\x7e\x6e\x85\xaa"
	"\xaf\x35\x55\xad\x46\x98\x6a\x88\x05\xc1\xa1\x68\x97\x45\xa5\x1a"
	"\xbb\xef\xee\x03\x4a\xa5\x13\xa5\x8e\x93\x5d\x5c\xac\x4f\x06\xe1"
	"\xde\x36\x69\x97\x75\xdd\x96\xc1\x17\x38\x32\x9d\x56\xaf\xc7\x13"
	"\x3a\x3b\x20\x6b\x50\x3c\xf5\x20\x47\x3c\x7e\x45\x8d\xa3\x94\x08"
	"\xeb\xc9\xb2\x66\x33\xbf\x94\x5f\xce\xcf\x2f\xa7\xbb\xa7\xb7\xf7"
	"\x95\x08\xe3\x7d\xae\x90\xe4\xe0\x0b\xf7\x9a\x79\xf2\xae\x0f\xf4"
	"\x3e\xcc\x6a\xc7\x9a\x11\x82\x7c\x03\x00\x2c\xb8\x9d\x65\xf0\x99"
	"\x73\x15\x3c\x83\xd6\x04\xec\xb0\xd1\x5a\x69\x54\x6f\xa8\x2f\x84"
	"\x48\xdc\x8a\x8a\xae\x0e\x47\xaf\x9b\x42\x93\x46\x31\x04\x4b\x68"
	"\x96\x49\x8d\x95\x19\x10\xa4\x06\x5c\xe3\x92\x2a\x5d\x23\xcf\xdc"
	"\x86\x8b\x54\x12\x35\xa8\xb0\xda\x23\x7a\x41\x35\x4f\x0b\x98\x34"
	"\xa4\xd8\xc5\x13\x6d\x07\x51\x25\x5f\x4a\x06\x2c\xa7\x9e\xa5\xc1"
	"\x39\x04\x8c\xdc\xed\xe3\xbe\x68\x14\x18\x5d\x2d\x86\xfb\x78\xfe"
	"\xeb\xe9\xf4\xe5\xd6\xd3\x39\x40\x7b\x2e\xc2\x8c\xd0\x49\xc5\x0b"
	"\xc2\x22\xe6\xfa\x04\xb4\xa3\x55\x38\xf3\x2b\x02\x89\xb9\x8d\xf9"
	"\xbb\x12\xbc\xb1\x46\x73\x90\xa7\x77\x51\x64\xe6\x21\xdb\xe3\xa5"
	"\x42\xf0\x38\xf2\xa0\x80\x08\x7f\xc7\x2a\x4c\x95\x12\x5d\x81\x89"
	"\x58\x48\xb1\xb7\xa7\x2b\x2a\x66\x25\x62\x83\x77\xc5\x24\x69\x11"
	"\x57\xa9\x8a\xa7\x0f\x31\x7c\x91\xfc\xa0\x42\x65\x10\x73\x2c\x08"
	"\x23\x05\xee\x3e\x05\xbb\x7b\x15\xa8\x2c\xd2\x90\x28\x40\x39\xa9"
	"\x55\x0d\xcc\x6b\x1f\x8c\xa5\x54\x25\x15\x47\x4f\x53\xf5\x42\xd9"
	"\xd8\x88\x21\xc1\x0c\x83\xa8\x3b\x2f\x30\x9d\xaa\x24\x7e\xab\x33"
	"\x90\x87\xe2\x19\xc8\x35\x25\xf3\x7a\x82\xd2\x55\x93\x8a\xc6\x98"
	"\xa2\xde\x04\x53\xf8\x9c\x2b\x44\xa3\x72\x09\x53\xf5\x27\xe5\x43"
	"\xdc\x06\x5b\x40\xaa\x99\x07\x3f\x6c\x4d\xdb\x84\xd2\x37\xa1\xec"
	"\x4d\x28\x67\x13\xca\xdb\x82\x72\xb6\xf0\xa5\xdb\xea\xae\x7f\xf0"
	"\xd5\xcc\x03\x26\x54\x83\x4c\xf5\x10\xb2\x7b\x4d\xb7\xd4\x20\x5d"
	"\x37\x95\x4c\xc1\x16\xec\x29\xc7\xf0\x50\x54\xd9\x41\xb5\xe8\x99"
	"\xa3\xab\x36\x47\x56\x62\x01\x6b\xa7\x98\x03\x44\x7b\x56\xa1\x1a"
	"\xcf\x36\x55\x4b\xb0\x09\x35\xcc\xd1\xcd\x04\xc4\x77\xbc\x5c\x81"
	"\x69\xd3\x1a\x82\x0f\x75\x61\xaa\xda\x41\x3f\x86\xa6\xe4\x44\xab"
	"\x8e\xeb\x13\x60\x38\x61\xf9\x21\x84\x37\xe9\x63\x6d\x3a\x96\xa4"
	"\x6c\x3e\xe0\xc7\x38\x90\xb5\x85\x1a\x06\xf2\xfa\xd0\xd7\xcf\x31"
	"\xac\xb9\xd5\x7e\x10\x22\xc3\x1f\x77\x9c\xf4\xdb\xe9\xf5\xf4\xf9"
	"\xed\xef\x3f\x9f\x5f\xfe\x7e\xf9\x7e\xfa\xfc\xbb\xf0\xf6\xb2\xe2"
	"\x0a\xbf\x2f\x8e\x4b\x2b\x98\x37\x9e\x5e\x3e\x01\x77\x3c\xb8\x60"
	"\xc6\x45\x9e\x8b\x0f\xa9\x41\xb3\x8c\xde\x8a\x55\x21\x49\xe2\x2e"
	"\x0c\x53\x69\xbf\x4a\x5c\x95\xf6\x08\xcc\x3f\x7a\x4f\x15\xf7\x6f"
	"\xde\xb1\x14\x51\xe4\x2d\xc3\x41\x3e\x96\x94\x71\xeb\x0e\xea\xe2"
	"\xba\x92\x1f\xcb\xf5\x28\x61\x2f\x3d\xf0\xf3\xcc\x61\x67\xb6\x42"
	"\xfe\x43\x75\xd8\x24\x95\x73\x72\xb0\x42\x9f\x66\x6e\xaa\x51\x62"
	"\x9d\xa4\x72\x29\x6f\x9e\xb0\xcb\xca\x00\x94\x05\x1f\x8b\xf6\x46"
	"\x33\x71\xc5\x2d\x42\x74\xfe\xf2\xe3\xe7\xa8\x7b\xf2\xf4\xf6\xfa"
	"\xe9\xe5\xef\xe9\x04\x61\xb4\x42\x7c\xab\x46\xb1\x88\x6b\x85\xda"
	"\x00\x0d\x6f\x0b\x65\x0a\xb6\x6f\x07\xf8\x76\x85\xec\x02\x53\x24"
	"\x23\xe0\x68\x66\x14\xf2\x95\xf0\xfa\x00\x71\x66\xa8\x25\x05\xd2"
	"\x20\x95\xd2\x09\xc4\x76\x3f\x60\xde\x6f\x17\x20\x88\xbe\x92\x2d"
	"\x5d\xa8\x2e\xb0\x35\xf8\x6e\x80\xf8\x9e\x33\x7d\xa1\x29\x11\x34"
	"\xa4\x33\x79\x85\x49\x5d\x42\xe0\x8f\x03\xc9\x36\xc0\xb0\x07\xe2"
	"\x25\x2a\x91\xa2\x7a\xd6\x10\xd0\x70\xaf\x24\x11\x44\xed\x6a\x62"
	"\x08\xd6\x9c\x6e\xe3\xac\x8b\x63\x44\x75\x71\xbc\xab\x82\x06\x61"
	"\xd7\x4c\x26\xf6\xbc\x8c\x3e\xff\x5a\x67\xd2\x38\x84\x31\x91\x2c"
	"\xab\xa1\x0a\x88\xc0\x0e\xea\x39\x4b\xae\x57\x7b\x20\x06\xb5\xc7"
	"\xb4\x28\x16\xe1\x75\x86\xa2\x12\x30\x8b\xaa\x49\x8e\x3b\xd2\x3d"
	"\xd0\x91\x25\x88\x61\x12\xc0\x63\x1b\x61\xeb\xec\x89\xd8\x91\x1d"
	"\x6f\x44\x0d\x5e\x64\x3f\x90\x0a\xb1\x1d\x1b\x7b\x8a\xe6\xbd\x4f"
	"\xf8\xa2\x91\xc1\x12\xce\x1e\x67\x01\xe6\x4f\xb0\x93\xf4\x3b\xe3"
	"\xed\xcd\x41\xff\x3f\xdc\xc7\xc2\xcf\xec\x55\x95\x41\x74\x79\x27"
	"\x22\x01\x74\x51\x79\x2c\xe4\x8b\x23\x64\x87\xfe\x5b\xc5\xbd\x6b"
	"\x62\xa6\x9f\xd3\x2e\x0e\xca\xfb\x78\x2d\x64\x66\x16\x47\xb4\xd7"
	"\xa3\x82\xb7\xcb\xb5\x11\xbf\x54\x15\x1d\x7d\x4c\x41\xe0\x76\x34"
	"\x59\xcc\x30\x3f\xdb\xcb\x72\xab\x3a\x6e\x60\x2c\xe8\x9e\xdc\xa7"
	"\x52\x53\x0f\xd0\xc6\xe0\xc8\x85\x56\x3b\x56\x2e\xe8\xbb\x66\xa4"
	"\x88\x96\x31\x9b\x66\x33\xbd\x7f\x58\x48\xca\x10\x33\x33\x1c\xe7"
	"\x7d\x7f\x16\x8b\x78\x8e\x94\xc0\xbc\x4e\x8a\xba\x4b\x62\x82\xee"
	"\x63\x93\xf7\x10\xf1\xdf\xe0\x90\x18\xf8\xb7\x58\x38\xd1\x2f\x6f"
	"\x18\xfd\x81\x8e\xe2\x84\xf7\xad\x15\xd0\x7f\x78\xf2\xfc\x37\xd9"
	"\x86\x18\x3b\xe7\xe7\xbb\x3c\x0f\xff\xa4\xa0\xa3\x35\xf8\xf0\x9f"
	"\x3c\xa0\xf4\x2f\x55\x62\x1f\x5b\xc8\x29\xc3\x1b\x56\x6a\xb9\x88"
	"\x60\x7f\x05\x48\xe4\xe7\xbc\xf6\x24\x57\xad\x88\x06\xb5\xa4\xec"
	"\x9c\x70\x01\x96\x60\xca\x65\x43\xfd\x7b\x52\xdf\xab\xe8\xb8\x74"
	"\x7a\x1f\x63\xde\x30\x81\x5a\x13\x98\x53\x05\x2e\xfa\xe7\xc4\x47"
	"\xee\x88\x7d\xed\x2c\x26\xb6\x8b\x38\x4d\x1c\xf8\x23\xc4\x75\x35"
	"\x67\x2f\x2d\x24\x71\x3c\x44\x85\xb1\x47\xf4\xda\x04\x37\xf3\x8d"
	"\x9d\x7f\x9e\xbe\xf1\x79\xf2\xed\xfb\xfb\x8f\x2f\xc2\x05\x38\x00"
	"\xbd\x9f\x77\x49\x3e\xbc\xbd\xdd\xfd\xc6\x77\x6d\xa1\x65\x7c\x13"
	"\xfe\xa3\x66\xa1\x63\x18\x0e\x97\x22\x89\xa4\xe6\xb4\x4e\x11\xaf"
	"\x6c\x8f\x7c\xef\xa0\x94\x2f\xe2\x3a\x3f\xae\x9b\x06\xcd\x97\xde"
	"\xe2\x39\x52\xa4\xcf\x05\xbc\x6b\x3a\x5f\x89\xe5\xd4\xa8\x6a\x92"
	"\x23\x17\x36\x3d\xf3\x77\xc6\xd3\xeb\xd3\xcb\xe7\xcf\xa7\xf7\x7f"
	"\x5f\xa3\xa1\x7c\xff\xf1\xca\x7f\xff\xc1\xd9\x79\xfd\xf6\x06\xff"
	"\x79\x31\x9e\xf8\x5f\x5f\x5f\xfe\xb8\xfb\xf4\xfe\xf6\xfa\xfd\xfc"
	"\xfa\xfc\xed\xf7\xe5\xc3\x24\xbc\x9d\xd6\x8d\x08\xbd\x43\xf9\x46"
	"\x1a\x4e\x62\x29\x0d\xcf\xc9\x8c\x11\x11\xf9\xb9\xb7\xd5\xf9\xf1"
	"\xfc\xf2\xc6\xd7\xe6\xd3\xdb\xb3\xa8\xeb\xeb\xfb\x1b\xbf\x70\x40"
	"\x75\xc2\xed\xd6\x97\x97\x9f\x13\x2f\xa1\x75\x44\x2f\xd0\x31\xad"
	"\x79\x79\x3e\xbf\x21\xa9\x50\xc2\x69\x56\xc1\x9c\x7e\x7e\x9d\xa7"
	"\x86\xa7\x2f\xe7\xf7\xd3\xd0\xde\xc9\xe5\x47\x10\x93\xcf\xa7\x6f"
	"\xff\x2c\x13\xfb\x72\x5e\xbe\x70\xb6\xff\xef\x0c\xd3\xe7\x0e\xc2"
	"\xc4\x5c\xc8\xa2\x75\x7f\xf6\x20\xbe\x3b\x7d\x7d\xe7\x4d\x03\xc5"
	"\xed\x19\x88\x46\xf5\x9d\xe8\xea\x79\x72\xfe\xf2\xed\xe9\xcc\x47"
	"\xe4\xf5\xfc\x06\x01\x88\xce\x9f\xbf\x2e\x11\xb4\x1f\x97\xbb\x1f"
	"\xa0\x00\xcf\x4b\xfd\xf6\xf6\xd4\x3d\xf5\x4d\xe8\xc7\xf0\x52\x94"
	"\x18\x61\xd0\xe0\x20\x37\x9b\x5b\x3f\x28\xec\x50\x4c\x9f\xc7\x27"
	"\x89\x10\x3d\xa5\xca\xe2\x75\x1a\x8b\x88\x67\xf8\x9a\x84\xe8\xb6"
	"\x28\x51\xe7\x54\x1d\xa5\xfa\x9e\xe7\x22\x44\xb1\x5f\xe8\x32\x22"
	"\x92\x33\x67\x86\xd6\x22\x0c\xb5\xe2\x19\x0e\xa3\xd9\x9a\xa6\x61"
	"\x34\x0b\xa5\xe5\xa1\x65\x51\x4f\x7c\xcd\xec\xf7\x9a\xb7\xb7\xcf"
	"\xdf\xc0\xd5\x3e\x9f\x45\xe7\xcf\x6f\x5f\xef\x5e\xcf\xff\xba\x2e"
	"\xa5\x71\xb4\x76\xef\xa7\xaf\xff\xbc\x3c\xad\xc6\x22\x68\x76\x04"
	"\x42\x20\xac\x7e\x9d\x9d\xd8\x80\xf1\x3f\x84\xe0\xca\x0f\x8f\x59"
	"\xac\x0a\x48\x8f\x2a\xbe\x38\xdb\x31\xa8\xd9\xba\xcd\x09\xc0\x84"
	"\x47\x32\x24\x24\xc5\x15\xc0\xd7\x78\x82\x5c\x6e\x00\x74\x9f\xd3"
	"\x21\x18\xd7\x92\x8d\x44\x7c\x62\x91\x9b\xf9\x01\x0e\x62\xbb\x75"
	"\xbc\x4f\xa3\xd5\x5d\x72\xd9\xb2\x70\xae\x88\x7f\x71\xcb\x3c\xac"
	"\xf4\x3b\xbe\xac\x17\x2b\x69\x56\x42\x1f\xed\xcd\xd5\x90\x77\xc8"
	"\x11\x42\xd3\x0c\xf3\xf2\x3b\x42\x8a\xb6\x12\xb3\xd8\xf7\xda\x6d"
	"\x38\x44\x81\x1e\x70\xfb\x28\x43\x3e\x01\x88\x71\x26\x19\x1f\xe7"
	"\x94\x56\x19\x12\x97\x19\x40\xfc\x20\x8a\x25\x9d\x4c\xf2\x68\x57"
	"\x1d\xd6\x0c\x29\xef\x7e\xeb\x77\xe8\xf0\xad\x1a\x77\xe6\xdf\x21"
	"\x4e\x0d\x97\xa1\x7e\xbc\x9f\xc0\x0a\xe5\xb2\xd7\xe5\xd1\x5d\xf6"
	"\xf2\xd7\x3b\x1c\x21\xef\x6f\x3f\xbe\xbf\xbc\x9e\x6f\xfa\xb7\x28"
	"\x0f\x4d\x4c\x0e\x28\x1f\xcd\x2e\xc6\x27\x5c\x73\x8f\x7c\x7c\x01"
	"\xe2\x21\xca\xf0\xd6\x21\xb7\x2e\xd1\x7b\x3b\xb2\x33\x34\xbc\xef"
	"\xc3\xb4\xae\x0f\xb4\x7b\x88\x73\x9c\xeb\x3a\x84\xdb\xfb\x91\x8f"
	"\x13\x12\xce\xf7\x02\xca\x9a\x08\x6f\xc2\x43\x8b\x37\x21\x28\xc3"
	"\xbd\x5c\xc0\xef\x97\xe3\xca\x3c\xb8\x84\x84\x14\x94\x11\x3f\x5b"
	"\x8e\xa0\x1f\xc7\xef\x91\x31\xe2\xdd\x9f\xd4\x4c\x04\xc1\xad\x22"
	"\x2c\x8c\x7b\x48\x82\xb0\x4b\x0e\x45\x88\x2e\xe5\xf1\xfe\x51\x95"
	"\x61\x7f\x85\x45\xaa\xe2\x4c\x74\xd4\x89\xcd\x3d\x71\xc0\x19\x9c"
	"\x63\x1a\x45\x02\xa6\x69\x0f\xfb\x68\x53\x0e\xca\xe5\xb1\xbc\xde"
	"\x9a\xc3\x13\x75\x18\x46\x51\xfd\x5a\x0e\xd3\xab\xa3\xad\x39\x7c"
	"\x91\x43\xd7\x8f\xf1\xaf\xe5\xb0\xac\x63\xf2\x6b\x39\x1c\xe7\x48"
	"\x35\xeb\x17\x72\xd8\xbe\x5b\xb3\x6d\x75\xb4\x44\x83\x1c\xae\xe1"
	"\x1f\x09\xcf\xf1\xd0\xee\x88\x22\x47\x42\x5c\xc8\x61\xd9\xde\xf1"
	"\x03\xcf\xa1\xac\xa1\xc7\xf3\xf1\xf3\x6a\x68\x77\xb2\x35\x83\x6d"
	"\xfb\xc5\xfd\x2f\x64\x08\x6c\xd7\x3e\x46\xca\x0c\xa4\x20\xa6\x67"
	"\x71\x18\xaf\x82\x68\x76\x1d\x68\x0e\xef\x27\x75\xb3\xc7\xc1\x70"
	"\x6d\xb6\xdb\xd6\xb5\x03\x5b\xbc\xe1\xac\xde\xd6\x8e\xd0\x10\x3d"
	"\xe5\x6a\x8c\x6c\xca\xb0\x27\x41\xcf\x93\xcb\x1e\xb7\x4e\xa9\x3e"
	"\x87\x61\x32\xfa\x6b\x39\x3c\x97\x7d\xdc\x9a\x23\x1c\x72\x34\xed"
	"\xd6\x9e\x1a\x26\xba\x7b\xc8\x37\x8e\x78\xcf\x94\x65\x36\x47\x65"
	"\x86\x82\x99\x8e\x6d\x98\x5d\x55\x11\xdf\x76\xa3\x40\xff\x85\xf1"
	"\x4e\xf8\x60\x1c\xf6\x9b\x78\x72\x8e\x26\xf0\xa4\xeb\x56\x7c\x98"
	"\xbb\xb7\x59\x40\xd9\x81\xb7\x52\x4c\x3f\xc3\x6a\x0e\xda\xc0\xce"
	"\xc4\x79\xfb\x04\xa7\x6f\xc4\x19\x1b\x71\xe6\x1a\x6e\x75\x5b\x80"
	"\x9a\x13\xd7\xf6\x9b\xdd\x2f\x6d\x0b\x7c\x66\x35\x7b\xd5\xb6\x10"
	"\x13\x4f\x73\x1d\x22\x26\xbb\xe5\x1c\x3e\xe8\x9a\xa2\x7f\x45\x06"
	"\x3f\x18\x32\x3c\x06\x1b\x97\x93\x39\x66\x58\xd9\x16\x26\xb6\xf7"
	"\xc3\x11\xba\xd4\x57\x5a\x90\xba\x7c\xfd\xa9\x7f\x81\x0a\xd2\x1d"
	"\xbc\xf1\x4e\x5e\xb0\x17\x80\xac\xdc\xed\x16\x11\x04\x17\x88\x18"
	"\x7d\x6c\x9c\xe3\x84\xb8\x7f\xfb\x7d\x64\x22\x5e\x88\xce\x18\x6f"
	"\x29\xd1\xcb\xb7\xaf\x9f\x4f\xff\xbe\xab\xf8\xd5\xf3\xf3\x8d\x08"
	"\x37\xec\x8e\x20\x8f\xc5\x35\xe5\xb2\x7b\x86\x0b\xe4\x3d\x56\x2a"
	"\xf4\x0c\xc3\x20\xee\x98\x0a\x50\x0a\x1e\xb2\xef\xf9\x2f\xdf\x44"
	"\x8c\x90\x57\xb0\x29\xbf\x47\xea\xa1\x0a\x5d\x14\x65\x06\x81\x87"
	"\xf9\xe4\xf9\x88\x3c\xe5\x5c\xd1\x1f\xa2\xb4\xcb\x98\xe6\x6a\x79"
	"\xac\xc1\xbd\x50\xd5\xb6\x41\x40\xcb\x22\x1f\x73\x8a\x3f\xe9\x2b"
	"\x8e\xdb\x59\x36\xa2\x3e\x7d\xc5\x95\x75\x4a\xc1\x91\xfc\xbe\x2b"
	"\x19\xe8\x0b\xfa\x2a\xa6\xf9\x4f\x02\x9a\x1f\x61\xd7\x34\xad\xae"
	"\x25\x9a\x69\x15\x4a\xd6\x6b\x42\xab\x20\xae\xeb\x47\x88\xf3\x57"
	"\x1e\xb8\x08\x1a\xd6\x71\x5c\x28\x73\x3d\x46\xe9\x81\x4b\xbc\xb9"
	"\xe3\x19\x9b\xbb\xa7\xdf\x4b\x8d\xed\x68\xc7\xfc\xa0\xb5\x9a\xb9"
	"\x3d\x83\x47\x88\x92\x99\x38\xbd\x2f\x3b\xcb\x3c\x36\x89\xbe\x53"
	"\x61\xf9\x05\xba\xea\xb2\x07\x5d\xd3\x6b\x9d\xb6\xc8\x13\xe7\x0d"
	"\x9e\x4b\x68\x26\xd3\xb3\x58\x8d\x4f\xf9\x82\x2d\xd2\xb6\xa3\xcc"
	"\x75\x3d\xbf\x41\x96\x6e\x1f\xe2\x7d\x7e\xf5\xef\x0b\xb8\x50\x66"
	"\xab\x3a\x7d\xfd\x7e\x7e\xff\x74\x7a\x3a\xdf\x05\xef\x2f\xcf\x7f"
	"\xdf\xde\xd1\x7a\x75\x4f\x5e\x2f\x29\x5a\x17\xfb\xc8\x2f\xae\x46"
	"\x51\x01\x7e\x9d\xf1\x2b\x4f\x74\xc8\x03\xf1\x62\x11\x11\x7c\x05"
	"\xc2\xee\xc0\x77\x32\x08\x51\x5f\xe3\xb7\xb4\x78\x47\xc0\x39\x3a"
	"\xb8\xc4\x8b\xaa\x16\x8c\xc1\x77\x71\x17\x78\xb6\xd6\x98\x5d\x72"
	"\x44\xf3\xc1\xed\xba\x62\x85\x69\x39\xb2\x91\x87\xcb\x71\x57\x51"
	"\xcf\x91\x6c\x2b\xfc\xca\xcf\xff\xa5\x1e\x66\xed\xdc\x63\x52\x5f"
	"\x33\x5a\x29\x1d\xf3\xdd\x09\x74\xb6\x4f\x8b\x98\xff\x0c\x1d\x93"
	"\xf7\x8a\xae\x19\x12\x68\x49\xf7\x69\x40\x7a\xfb\x36\xd7\x71\x71"
	"\x20\x5f\xb9\x49\x85\x39\x2e\xef\x1f\x58\x0a\x06\xcb\x35\x63\x3e"
	"\xbf\xa5\x1c\xda\x50\xfa\x5e\x41\xa2\xc6\xb5\x75\x7c\xee\x92\x3a"
	"\xac\x76\xf8\x55\x79\x9f\xd2\x94\xff\xc0\xec\xa1\x2f\x90\xfb\xb4"
	"\x4e\x0b\x49\xa3\x8a\xc7\xa8\xc6\x5f\x0a\xaa\x4c\x97\xb0\x98\xc1"
	"\x64\x7a\x94\x9d\x84\xb0\xbd\xc6\x05\x13\x0f\x53\xdd\xc3\x21\xad"
	"\xef\x2f\x2e\x9b\x92\xf7\xd3\x97\xf3\xdd\x5f\x3f\x3e\x7d\x82\x20"
	"\xbd\x4b\x55\xdb\x24\xe8\xc2\x3c\x02\x77\xd5\xd7\x05\xc9\xd3\x8a"
	"\x92\xa5\xc9\xe3\x34\x69\x7a\xac\x8f\xef\x5a\xe2\x95\x6b\x85\x2d"
	"\x28\x94\xff\x4b\xd2\x2c\xab\x67\xef\xe9\x03\x21\x2c\xab\x47\x9e"
	"\x9d\xdc\x10\xd2\x9c\xec\x62\x88\x2b\x31\xab\x2d\x80\x6f\xb4\x71"
	"\xba\x2b\x20\x32\x5e\x4a\x8a\xf5\x1a\x85\x52\x45\xff\x72\x47\x17"
	"\xd9\xe1\xc8\x87\x52\xd9\xe2\x63\xe7\x6d\xff\xfc\x73\x7a\x7f\xfe"
	"\xd7\xe9\x7d\x35\x78\x01\xf0\x28\xde\x56\xd6\xbf\x72\x07\x5d\x95"
	"\x1b\xeb\xac\x71\xd9\x23\xcc\xc2\x68\xc1\x55\xf8\xc8\x4f\x2a\x03"
	"\x3b\x8e\x21\x1b\x5f\xc2\xbc\xb9\x0c\xa3\xa7\x5c\x6e\x43\x89\x87"
	"\x26\xa6\x04\x23\x96\x15\xec\x5f\x58\xd8\x73\x0e\xa0\x7a\x24\x3c"
	"\x58\x60\xf4\xa2\x49\xa3\x14\x2d\xbe\x4e\x1b\x94\x96\xba\x16\xda"
	"\xe0\x9c\xf0\x03\x04\xad\x53\xf2\x22\x08\x9d\xc5\x1e\x75\x44\x33"
	"\xb2\xa7\xa2\x4d\x35\x51\x0a\x69\x30\x1f\xee\x40\x4d\xd1\xde\x2b"
	"\xe2\x92\x4f\x64\x44\x0b\x8c\xd3\xef\x1f\x11\xbd\x43\x4e\x33\xa3"
	"\x04\xed\x81\xa6\x2c\xa3\xb2\xd4\x51\x32\xe3\x9b\x3d\xda\x1a\xc6"
	"\x0f\xd7\x18\x9f\x4c\xd8\xf7\x56\x31\xaf\xd1\x42\x43\x3e\xb5\xb1"
	"\xb8\xdd\xd0\x47\x39\x0d\x0f\x78\x7b\xb0\x27\x50\x98\x26\x41\xde"
	"\xed\x5a\x66\xd9\xf8\xf2\x18\xec\x64\xd1\xc9\x14\x83\x34\x52\xe6"
	"\x28\x73\x10\xb2\xd1\xc0\xa7\x38\x16\x2d\x8d\x93\x82\xba\x24\x11"
	"\xdd\xc7\x31\xc3\x27\x07\x7a\x3d\x00\x2a\xe5\xab\x0b\x51\xec\x16"
	"\xbd\xe6\xea\xb8\x7e\x5d\x14\xac\x29\xcf\x41\xd8\xeb\x2c\xdd\xed"
	"\x19\xd8\xca\x4d\xec\x2c\x46\xa5\x13\x9e\xd8\x9b\x4c\xdc\x7a\x89"
	"\x03\x5a\x66\x25\x1a\x3f\xbd\x0d\x86\x88\xa7\x02\x93\x53\xc3\x33"
	"\x77\x09\xa2\x5b\x2c\x20\xac\x31\x6d\xed\xa1\x41\x01\x70\xbd\x31"
	"\x10\x81\x63\xa4\x9b\x88\xc0\x02\x74\x16\x95\x86\x95\xa3\xe4\x66"
	"\xb7\x33\x2c\xd3\x20\x16\x8a\x90\xc6\x01\x15\x5d\x07\x72\x7a\x8e"
	"\x73\x20\xb9\x14\x01\x99\x0b\xef\xa6\xe3\x27\x3b\xe4\x7b\xcc\xd0"
	"\x8f\xb6\xa6\xdf\x27\x92\xae\xde\xb7\x9e\x89\x44\xb5\x02\x72\x09"
	"\x7a\x86\x86\x2d\x9f\x07\x8b\xe1\xbe\xa1\x0f\xde\x22\x67\x0e\xbc"
	"\x2e\x44\xcc\x5c\x74\x82\xc8\x3d\xdf\xd2\xbb\x63\x16\x47\x52\x36"
	"\xae\x4e\x2b\x8f\x0b\x5b\xd0\x2b\x86\x44\x95\x87\x19\xd7\x2c\x50"
	"\xae\x0a\x95\xe5\xa6\x63\x22\xb6\x1e\x0b\x94\xaf\x02\x55\x9e\x6d"
	"\xb7\x0a\x10\x6a\x24\x3e\x29\xa7\xb1\x0d\xcd\xcd\x2a\x05\x2c\x88"
	"\x1c\x5d\x73\x55\x9d\x50\x87\x6d\x58\x14\x98\xde\xc5\x42\x08\x1a"
	"\x7d\x45\x45\xf9\xec\xa3\x2a\xbf\x2d\xad\x59\x09\xd2\xf2\x50\x44"
	"\x93\xe7\x9d\xc5\x1f\x22\xfc\x7a\x3d\x4f\xaa\xc2\xfc\x26\xa1\x8b"
	"\xb3\xe8\x36\x31\x8d\x43\xdf\xf6\xe6\xe9\xfb\x63\x14\x57\xf3\xa4"
	"\x9a\x1c\x73\x2e\x5a\xcc\x13\xf9\x14\xea\xd5\x4e\xca\x24\x81\xaf"
	"\xab\x73\xea\x07\x22\xf4\xfa\x16\x29\x83\x6d\x58\x6f\x19\x76\x7d"
	"\x68\xe2\xd4\x92\x52\xf8\x88\xbb\xd6\x01\x03\xaf\x63\x43\x67\xd9"
	"\xf6\xb5\x48\x46\xb2\x5d\x95\x2f\xff\x9f\xb1\x2b\x69\x72\x1b\x47"
	"\xd6\x7f\x45\x31\xa7\x99\x43\xc7\xe3\x22\x52\xd4\xbc\x98\x03\x44"
	"\x42\x12\xba\xb8\x15\x01\x4a\x94\x2f\x8c\x6a\xb7\xec\xae\x78\xe5"
	"\x2a\x47\xb9\x1c\xd3\xfe\xf7\x0f\x09\x2e\xe2\x96\x80\x2e\x76\x09"
	"\xf9\x31\x09\x26\x12\x89\x2d\x91\x99\x66\x43\xd1\x03\x2d\x21\x15"
	"\x0c\x94\x11\xff\x8f\xeb\x0c\xcb\xbb\x13\xa6\x2c\x8e\xc6\x37\xf7"
	"\x54\x3d\x0a\x38\x77\x9a\x70\x3a\x41\xf0\x24\x4e\x15\x71\xcf\xa7"
	"\x35\xbc\x51\x59\x2a\x96\x47\x73\x55\x55\x34\x55\xa5\xaa\x14\x7d"
	"\x2c\xc1\x3f\x1d\xfd\xd0\xb9\xef\xbb\x2a\x2e\x93\xe4\x82\x32\x95"
	"\xeb\x73\xcc\x7b\x17\xe4\x23\x72\x72\xd2\x54\xa8\x50\x67\x79\xb6"
	"\xef\x61\x01\xcd\x81\x47\x5e\xae\x17\xef\x59\x37\x6d\xca\xa6\xf5"
	"\x25\x91\x1d\x20\x61\x0d\x14\x59\x30\x56\xe5\x06\xb2\x5a\x72\x24"
	"\x38\xa8\x0c\xb0\xa4\xc3\x1d\xd9\xd1\x93\x5d\x0d\xf9\xec\xa0\xb4"
	"\x9d\x08\x90\xab\xd7\xaa\x33\x11\xcb\x46\x46\x27\x45\x4e\xd8\x24"
	"\x6e\xe5\xb8\xf3\x54\x97\x03\xb2\x9f\xa6\x9e\xe6\x6b\x07\x49\x1c"
	"\xda\x92\xb1\x2b\x96\x8a\x2c\xaa\x3d\xfe\xea\x88\x14\x31\xd1\x48"
	"\xec\xa0\xc2\xef\xa3\xe4\x98\x5c\xb4\x8f\x37\xec\xd7\x7a\xf6\x6b"
	"\x03\x7b\x9c\x9e\x64\x29\xc1\x89\x0c\xa7\xd1\xf0\x98\xb9\x78\x7f"
	"\x65\x72\x49\x7c\xc8\x0c\x64\x66\x02\x44\xbf\x1b\x39\x54\x46\x16"
	"\x38\x82\xa6\xdc\x76\x37\x96\x81\x8e\xeb\xcd\x3e\x09\x2c\x9c\x7a"
	"\x8c\x78\xae\x25\xe2\x7d\x54\xce\x8d\xec\x8d\xa6\xd5\xa4\x21\xa5"
	"\x71\x50\x59\x46\x00\xfe\x8a\x87\xac\x38\xd8\x8e\x8d\x77\xd7\x38"
	"\x8b\xf1\xd6\x8f\x2b\x7f\xed\xaf\xb1\x74\x6e\x4a\x75\x2a\x2c\xf7"
	"\x33\x90\xd3\xc4\xf1\xf0\xce\x9e\x87\xd5\xb1\x40\xa9\x05\xcb\x05"
	"\x8b\x28\x4e\x4f\xa8\xeb\xe8\xa8\x5b\x5f\x4f\xf5\x1c\x8d\xd5\xf7"
	"\x71\x75\x3a\x31\x12\x38\x95\x91\x6e\xb0\xcf\x6a\xfd\x98\x71\xbc"
	"\x6b\x9c\x2a\x34\x1d\x9a\xa4\x5e\x92\xfd\x52\x80\xdf\x63\xf4\x9b"
	"\xf2\x3f\x1a\xa5\xbd\x54\x7a\x48\x1a\x65\x41\xc6\x28\xa0\xcb\x49"
	"\x8e\xf2\x73\x95\xcb\xc7\x4f\xf4\x3f\xfe\x7a\x34\x59\x98\x4e\x10"
	"\x4a\xbe\x9b\x15\xc8\x51\x23\x62\xd9\x74\xac\x03\x42\x49\x6c\x4d"
	"\x0f\x52\x09\x51\x09\x23\x8f\x5a\x84\xbf\x67\x05\xd5\x22\x8e\x6c"
	"\x8f\xa5\x24\x50\x03\x53\x18\xa1\xfb\x5d\x1d\x8b\x3c\x8b\x4c\xf4"
	"\xa3\x1e\x21\xb2\x94\xa2\x41\x18\x3a\xd0\x89\xc8\x59\x45\x85\xb4"
	"\x45\x2f\x49\x88\x17\x3f\x16\x32\x57\x5e\xc8\xe3\x82\x7e\x7e\x3a"
	"\x15\x3c\xd0\x48\x02\x51\x8c\x75\x53\x09\x08\x0b\x2c\x91\x9a\xf9"
	"\x1a\x67\x87\x54\xed\xb7\x32\x67\x7e\xfd\x80\xbf\x85\xad\x4f\xf2"
	"\x97\xb7\xf7\xd5\xfe\xfd\x7a\xfd\xf1\xf9\xe9\xe5\xba\x0a\xf3\xf2"
	"\xe6\x26\xfc\xf6\xed\xdb\xdb\xeb\x00\xfa\xf6\x1d\x1c\xe1\x7e\x2c"
	"\x3c\xf2\xef\xa9\xe2\x72\x35\x0f\x8d\x6b\xc2\x0b\xbc\x8e\x1d\x88"
	"\x13\x66\xc6\xf0\x3b\x30\x79\xc4\xf6\x46\x14\x35\xbd\x8e\x25\x15"
	"\x34\x24\x76\xa1\x52\x19\x70\x07\xd2\x4b\xfa\x8e\x6d\x4d\xa5\xbb"
	"\xc0\xed\xa0\xa5\x3f\x86\x8b\x37\xc0\x3a\x72\x7f\x5d\xa6\xed\xa3"
	"\x4d\xeb\x89\xe4\xf9\xf3\xfb\xdb\xf5\xe5\xfa\xf9\xe3\xfd\xed\x15"
	"\x9c\x68\x9b\x5b\x84\xa0\x11\x8d\x27\xf8\x82\x53\x6d\xc7\xb2\x12"
	"\xfb\xfc\x40\xd0\x8a\x7f\xaa\x6a\x11\xe9\xaa\xa4\xce\x47\x7a\xe3"
	"\xd2\xbe\x21\xa2\xe1\x3c\x86\x47\xf7\xc4\x39\x81\x6c\x49\xf9\xa2"
	"\xa6\x87\xdb\x4d\xdd\x3c\xae\x93\x12\x89\x48\x69\x6f\x34\xc6\xe8"
	"\x06\xf2\x6d\x34\x38\xe0\x0c\x88\x05\x1a\x1c\x02\x37\x96\xe5\xe8"
	"\x41\x0f\x6b\xdb\x5a\x9b\x20\x6b\x2f\x30\x41\x3c\xcf\xc8\x05\xbb"
	"\x9f\x3e\x84\xac\x4d\xd5\xf5\xdc\xc0\x37\x41\x3c\x53\x75\xe3\xd0"
	"\xc3\xf6\x8d\x3b\xcc\x2e\x72\x02\x23\x46\xd4\x3c\xcc\xb4\x10\x15"
	"\x78\xd1\x75\xee\xc0\xb8\x77\x60\xd6\x77\x60\x3c\x8d\xf6\xdf\xe2"
	"\x47\x2e\x13\xea\x35\xcf\x1f\x96\x34\xbd\xa3\xbb\x92\x6e\xa8\xc3"
	"\xda\x89\xd7\x8e\x19\xe3\x99\x35\xbd\xc1\xdd\xc3\xcb\x37\x63\x36"
	"\xae\x11\x83\xa5\x68\x1b\x40\x34\x33\xfa\x1e\x72\xdf\x87\x6d\xcc"
	"\x1d\x18\x60\x55\x15\xdc\xc3\xce\xb5\x5d\x63\xcd\xdc\xf5\xd6\x00"
	"\xf1\xdc\x78\xcc\x66\x82\x80\x5d\xb5\xc6\xde\x2d\xe9\x08\xe5\x1b"
	"\xdb\xa0\xa1\x12\x82\x26\xbd\xec\x21\x81\x6b\xfb\x46\x88\x63\x16"
	"\x4b\x0b\x33\x49\xf9\x20\x12\xdf\x60\x9b\xc1\xf7\xa8\x2e\x1e\x5c"
	"\xcb\xd5\x57\x2c\x21\xd5\x36\xf0\x0c\xe6\x54\x81\x10\x6f\x80\x11"
	"\x66\xeb\xdc\x01\x72\x0d\x7a\xdd\xbc\x4d\xaf\x1b\x09\x4f\x82\xad"
	"\xed\xd7\x67\xd8\xcd\x57\x9e\x25\x77\xc3\xdb\x58\x62\x5a\x7c\x1e"
	"\x26\xb6\x1f\xd8\x46\xcc\x26\xd8\x1a\xdb\x54\xe1\xb6\xd5\xdd\x38"
	"\x53\xe3\x03\x2e\xf0\xef\xe3\x07\xb8\x3b\xf8\x49\xed\x0d\xc8\x3d"
	"\x0c\x1b\xe0\x1d\x1c\x3d\xdb\xf9\xfb\x1e\x86\x0a\x67\xe2\x57\x08"
	"\xcf\x37\xf4\x2f\x80\xb8\xfa\xf6\xe2\x07\x11\x7b\xba\x85\x8d\x02"
	"\xa9\x23\x41\xb9\x1e\xc8\x63\xb6\x67\xb4\x30\x80\x8b\x7d\xbb\x04"
	"\x31\xcf\xa8\xcc\x93\x65\xce\x13\x07\x0b\x53\x3b\xc4\xf8\x96\x63"
	"\x14\x59\x87\x33\x35\x81\xc4\xad\x3d\x43\xcf\xe6\x82\x60\x21\x71"
	"\x86\x10\xcf\x20\x59\xc1\xe4\xe4\x5a\x3f\x77\x17\x84\x3b\x9e\x61"
	"\xf4\x94\x18\x34\xe8\xfa\x10\xb3\xb1\x2b\x33\xc6\xb1\x4c\x18\x39"
	"\xbb\xd3\xdb\x46\x11\x91\xcd\xda\xd6\x0f\x53\x62\x4f\xb6\xc1\xc6"
	"\x80\x89\x4f\xae\x63\x11\x16\x3a\xae\xb1\xd5\x86\x58\x93\x26\xf4"
	"\x58\xd7\xae\xaa\x3b\x91\x4e\xb5\xbe\xbf\x0e\x0a\x7d\x7f\x2d\x0c"
	"\x75\xe0\x2e\x71\x9c\x0d\x35\x80\x9a\x69\x86\x19\x64\x98\xe0\x9f"
	"\x93\xc0\xb3\x2d\x23\xc4\x30\xa5\x56\x10\xf3\x8b\x02\xe3\x8b\xb0"
	"\x1c\x49\x43\x88\x13\x18\x21\xae\x99\x8b\xbb\x31\x42\xd6\x66\x2e"
	"\x9e\xf9\x8b\x3c\xa3\xe8\x36\x1b\x33\x97\x8d\x6f\x84\x04\x8e\x09"
	"\x12\x58\x66\xa5\x6e\x61\x26\x6d\x86\x80\xf7\x96\xf1\xcb\xb6\xbe"
	"\x65\x86\x18\xab\xbd\xdd\xac\xcd\x10\xa3\x52\x6c\x03\xfd\xb8\xf2"
	"\x49\x6d\xc1\x6c\xfd\xdc\x71\x8c\x73\xb3\x8d\xa7\xb7\x64\x10\x83"
	"\xdb\xd3\x6b\x4f\x4a\xca\xc0\x5b\x5b\x46\x4c\x60\xdf\x81\x31\x19"
	"\xe8\x9c\xc8\x55\xbc\x45\x34\x1f\xd6\x0c\xfa\x21\x96\xf0\x66\x80"
	"\xe1\x61\xa9\xc7\x35\xd3\x81\x43\x41\xf2\xe3\xfd\xc0\x25\xae\xcd"
	"\x3e\x35\x8b\xe6\xe1\x75\x65\xe1\x70\x2d\x23\x7f\xd6\x3b\x22\x04"
	"\x2d\x2e\x2a\x90\x4e\x7a\x10\x4b\x11\x6d\x24\xac\x20\xe7\x41\x00"
	"\xd6\x86\xcd\x80\xc9\xcd\xd7\xa4\xd9\xf4\xfa\x7e\xfd\xfc\xfc\xf4"
	"\xa2\xea\xb0\xe0\x68\x09\x4f\x90\x35\xdc\x15\x58\xce\x7c\x05\xe4"
	"\x30\x2c\x95\x7f\xbf\x06\x51\x94\xd5\x72\x65\x6b\x92\xe7\xe3\xcc"
	"\x75\x7d\x21\x2b\x70\x86\x1c\xf1\xfc\x54\xc4\x12\xb6\xee\x51\xf2"
	"\x8e\xc6\x0f\x88\x77\x70\x43\x86\x10\x52\xfb\x3d\x0a\x08\x8f\x70"
	"\xa7\x41\x43\x66\xf2\x97\x86\x9e\x15\x9c\x68\x3e\x2d\xcc\xca\x03"
	"\x29\x10\x61\xe5\x45\x16\xb1\x07\x7a\xe1\x53\x81\x85\x2a\x70\x00"
	"\xce\x34\x77\x6c\xe4\xd4\x4b\x91\x9b\x48\x22\x28\x5d\xaa\xd4\x21"
	"\x4b\xe1\xd2\x08\x0a\xa1\x09\xd7\x09\x8d\xc6\x8b\xae\xc2\x0d\x89"
	"\x86\xe3\x68\x5b\x4d\x69\x86\x33\xfb\x24\x45\x80\x52\x0f\x34\xd9"
	"\x31\xa4\x47\x2a\xfa\x1e\xf1\x38\x03\xe2\x31\x8b\xb1\x08\x93\xea"
	"\xd9\x2c\x3b\xc4\x10\x93\x2d\xc1\x72\x81\x28\x94\xf0\x03\x17\x27"
	"\xcb\xca\xeb\xbb\xcb\xc3\x85\x22\xb2\x2a\x43\xb8\x5c\x11\x4e\x85"
	"\x75\x26\x31\x16\x91\x4d\xd5\xe7\x52\xe0\x51\x12\x00\xc0\x20\x0e"
	"\x22\x4e\x15\x38\xed\x77\xb2\x2b\x70\xb5\x13\x67\x96\x1e\x49\xaa"
	"\x91\x44\xca\x99\x34\x64\x9a\xaa\xc5\xa1\xca\x23\x8d\xd3\x69\xa4"
	"\xa1\xa5\xd9\x29\x43\x44\x09\x82\x04\xb3\x36\x36\x8e\x5d\x69\x1d"
	"\xfd\x8e\x10\xe4\x8f\x3c\x9f\x38\x70\x35\x14\x44\xfd\x81\x0e\x71"
	"\x03\x63\x9a\x93\xc8\xd1\xa1\x0e\xdb\xb5\xa5\xa3\x9f\x8f\x94\xc6"
	"\xd3\x6e\x36\xa8\xa3\xf2\x73\x4e\xb2\x92\xcf\xec\x69\x42\x2e\xf8"
	"\xb5\x79\x00\x14\xb4\xe9\xe3\x18\x67\x06\x79\x2a\xb3\xbd\x98\x31"
	"\xce\x52\x39\x22\xd1\x0b\xf6\x5c\x19\x0b\xa6\x94\x7d\x2c\xcd\x14"
	"\x4e\x5f\xd3\x28\x9b\xb2\x4b\x05\x43\xab\x98\x8a\x82\x1d\x50\x6a"
	"\x56\xe8\xfa\x6d\x4e\x52\xc8\x6b\x1c\x67\x1a\xbb\x90\xd3\x54\xca"
	"\x0e\x71\xca\x6e\x00\x82\xc4\x97\x14\x1b\xc8\x72\x69\xf7\x27\x17"
	"\x0b\x06\xc5\xf5\x7e\x87\x33\x6e\x21\xbd\x67\xa1\x11\x89\x45\xf4"
	"\x18\x61\x68\xc4\xb1\xaa\x4a\x6b\xac\xae\x87\x85\x7c\xdc\x2e\x70"
	"\xe9\x93\x37\x37\x57\x06\x37\x7b\x6f\x85\x52\xf7\x66\xdf\x57\xb0"
	"\x84\x54\x1a\xc5\x92\x2f\x8a\x30\x7b\x56\x64\x61\x48\x66\x4a\x25"
	"\xc7\x47\x5d\x63\xb6\x67\x77\x08\x4b\x2e\x07\xdf\xc1\x29\x82\xfc"
	"\xb5\x50\x69\x9e\x53\x0a\x17\x6d\x34\x2f\x11\x94\x24\x3a\xaa\xec"
	"\x89\x72\x1a\x45\xf1\x41\x53\x17\x1a\x59\x7d\x7b\x82\xeb\xfa\x01"
	"\x2e\x4a\x12\xae\x19\xd1\x79\x42\x0a\xf1\x7b\x76\xd1\xbe\x42\xb0"
	"\x13\x3e\x8a\xca\x11\x83\x53\x8d\xf5\x84\xfb\x64\x87\x44\x43\x2e"
	"\x4a\x2e\x12\x22\x45\x81\x5b\xe7\x12\x26\xa3\x75\xce\x5d\xa4\xb1"
	"\xce\xa4\x19\xfa\x87\x45\x8c\x25\x99\x98\x59\xb0\x8a\xc9\xde\x89"
	"\xbe\xe7\x13\x2d\x32\xad\x24\x3e\x5d\x22\x39\x09\xd5\x8c\x33\x6d"
	"\x88\xc5\x63\x89\x77\x53\x12\xe7\x58\x87\x7a\x3c\x15\xdd\x7c\x1a"
	"\x02\x1f\x2f\xce\xe7\x1b\x9f\x8c\x05\xfb\xb0\xe4\xb3\xdd\x82\x07"
	"\xf9\x1c\x60\x4d\x3b\xe6\x3b\x8a\x25\x77\x44\xd9\x64\xc7\x10\x12"
	"\xc9\x0b\x21\x27\x2e\xcd\x9d\xad\x71\x7a\x86\xd9\xfd\x04\xe5\x80"
	"\x92\x25\x49\x36\x01\x92\x02\x86\x3f\xc2\xeb\x63\x18\x8d\x28\x63"
	"\x58\xe3\xe0\x39\x7c\x2e\x4d\xa5\x5d\x0d\x69\x9d\xd2\x73\xeb\x03"
	"\xdf\x5f\x88\x1b\x87\x29\x03\xd9\xb5\xde\x10\x63\xb9\x45\x74\x4f"
	"\xe4\x50\x52\x83\x2b\x35\xe3\x62\x9a\x4c\x62\xec\xf0\x8b\x86\x12"
	"\xcc\xc4\x41\x47\xab\xcf\x47\x69\x77\x62\xc6\x85\x16\xb5\x8b\x95"
	"\x99\xe6\x02\x55\x16\x40\xaa\xc8\xa2\x30\x62\x1d\x68\xa1\x92\x88"
	"\x2f\x87\xb2\x56\xed\x9c\x49\x5e\x21\x2d\x04\xdb\xcb\x89\x58\x6b"
	"\x7b\xc7\x31\x10\x11\xc5\x05\xda\x59\x35\xd7\x8e\xec\x97\xd2\x9b"
	"\xaf\x8e\x6f\x3f\x3e\x20\xe0\xd2\xc7\xfb\xdb\xcb\x0b\xdc\x39\x9c"
	"\xaf\xf0\xd4\xf3\xfe\xa6\xb2\x2c\x68\x58\xa4\x8e\x15\x28\xd1\x71"
	"\x3c\xba\xf5\xe5\xd1\xee\x30\xc9\x33\x3b\x45\xcc\x74\xa2\x29\x6d"
	"\xef\x7f\x8c\x49\x14\x79\x95\x2a\x2f\xb2\x4c\xc9\xbd\x16\x98\x34"
	"\x15\x4c\x08\x50\x36\x2e\x97\x6a\xd1\x02\xf3\x59\x6d\xba\x57\x0e"
	"\x6b\x34\x6e\xf7\xaa\x74\x6c\xeb\x98\x4f\x25\x34\x02\x31\x9e\xdb"
	"\xb6\x5f\x69\x31\x7b\xa9\x41\xe0\xde\xa2\xc3\xc8\xe1\xd4\x85\x6c"
	"\xd4\x78\x6b\x64\x37\x11\x2d\x94\xce\xbf\x2f\x33\x7d\x5f\xd9\x02"
	"\xf0\x00\xf1\x71\x60\xdb\x5a\x44\x11\x10\xdf\xf7\xb6\x1b\x2d\x48"
	"\x09\x1a\xbb\xcc\xa5\xfa\x02\xdc\x2b\x82\x00\xaf\xc9\x64\xd2\xd0"
	"\x6b\x74\x73\x6b\x76\x15\xbe\x3c\xfd\xf8\xb1\xb4\x61\xa1\x2c\x4e"
	"\x88\xbf\x41\x39\xe4\x23\x43\x96\xea\x4f\x11\xfe\xac\x48\xe6\xf1"
	"\xe1\x52\x39\x58\xfd\x7b\xd5\x84\xd9\xcf\x0a\xb8\xa3\xf8\xe7\xf5"
	"\x3b\x04\xe4\x83\x98\x8a\x3c\xe4\x6c\xf5\xc7\xcf\x8f\xd5\x2e\x7e"
	"\x00\xd3\x57\xf3\x68\xf5\xed\xe9\x57\xe7\x0a\xf6\xf4\xf2\xe3\x6d"
	"\xf5\xc7\x75\xf5\x7a\xbd\xfe\x79\xfd\xf3\x7f\x25\xd3\xeb\x88\xd3"
	"\xf1\xfa\xf2\x5d\xb9\x85\x7d\x83\x04\x4c\xcf\xaf\x5f\xde\xc6\x66"
	"\xb1\xc5\x4d\x5b\xb3\x2d\xd6\x5c\x2e\x18\xa2\x60\xb3\x44\x97\x55"
	"\xa1\xe7\x46\x04\xd9\x93\x9d\x11\xb7\x97\x73\x97\x89\xf3\xd5\x22"
	"\x8e\xf1\xc8\xd1\x04\xae\xed\x60\xf2\x6f\x22\x8c\x28\x1e\x45\x85"
	"\xb5\xbd\x0b\xe6\x79\x46\xd8\xef\x65\x92\xf3\x63\x66\x7e\x2d\x89"
	"\x49\x19\x11\x23\x2c\x4b\x29\xbe\xe2\x1f\x02\x1f\x48\x91\x98\xd9"
	"\x75\x81\x5f\x65\x83\x84\xe6\xf6\xa0\xa9\x14\xe2\xce\x77\x3c\x5c"
	"\xd6\x25\xe1\x8b\x7d\x8d\x7d\x7b\xfa\xfa\xfc\xfa\x75\x29\x91\x83"
	"\x32\x54\x51\xa8\x0b\x3d\xac\x16\x8d\x1a\xcd\x62\x39\x1e\x10\x5a"
	"\x3d\xaf\x0c\x42\x34\xf6\x74\x1c\x8e\xfa\xe7\xd0\x9d\xaa\x7e\x1b"
	"\x25\xee\x2c\x07\xdd\x2c\x17\x2c\x61\x9f\xf0\x9d\x8f\x8e\x87\x1a"
	"\x80\xf5\x88\x03\x89\x0e\x54\x68\xea\xd1\x44\xc1\x2b\xb2\xb8\x8f"
	"\x98\x91\xbf\x3c\x7d\xc8\xae\xfb\x6d\x75\x78\xf9\x79\x6d\xc7\xdd"
	"\x2e\x60\xf4\x64\x72\xa3\xea\x40\xf2\x49\x6e\x2d\x55\x9c\xed\x67"
	"\x11\x54\xe5\xc2\x60\x17\xd3\x76\xea\x26\x17\x32\xb0\x6b\x2d\x57"
	"\x67\x74\xe1\xe9\xc7\xd1\xec\xba\x2f\x96\x06\x78\x32\xdb\x3b\x92"
	"\xe2\x20\x67\xfb\xb5\x0a\x45\x3e\x9b\x5d\x9d\x43\x3c\xba\x33\xc4"
	"\xd5\x60\x11\x25\x88\x6c\x60\x4c\xdc\xf8\xd6\xf8\x75\x6d\xe1\x7c"
	"\x04\xeb\x09\x30\x23\x6a\x85\x39\x1b\x62\x01\xd0\xb4\x87\x82\x68"
	"\x87\x63\xc0\xf6\x2d\xb3\xa8\xe2\xd0\x1c\x73\x0f\x4b\x25\x5c\x75"
	"\xd7\x69\x66\x5b\x9b\x1b\x50\x90\xb3\x57\xf7\xf2\x16\xd6\xee\xb5"
	"\x9b\x60\x9a\x1b\xca\x03\x14\x61\x45\x08\x4d\x6f\xc4\x15\x0f\xae"
	"\x6d\xfb\x26\x98\x66\x1f\x7c\xf8\xa1\x47\x77\x6d\x9b\x40\x6a\xe2"
	"\x7c\xa4\x3a\x3b\xdd\x00\xc1\x29\x07\xce\x0b\x68\x8c\x7b\x85\x0f"
	"\x5f\x9e\xcb\xb9\x52\x65\x44\xb5\xe6\x30\x09\x4c\x48\x9a\xe4\xf4"
	"\x80\x68\x6a\x0b\xd9\x8b\x88\xc9\xf6\xc8\x90\x76\x3f\x31\x9e\x15"
	"\xa6\xd7\xb0\x9c\x3c\x1a\x31\x46\x2e\x54\xaa\xf8\x3d\x42\xea\x70"
	"\x35\xb2\x77\x36\xfc\xb8\xc0\x76\x34\xa9\x91\x6e\x28\xcf\x35\x4a"
	"\xfd\xa0\xa2\x0d\x98\x45\x71\x36\x42\xca\xd2\x04\x81\x13\x8f\x9c"
	"\xa4\x75\xae\x1b\x6b\x47\x50\x23\x2c\xe6\x46\x69\x3d\x64\x3b\x08"
	"\xdb\x13\x1a\x5b\x20\x09\x45\x5d\xde\x21\x58\x15\x05\xc1\x08\xca"
	"\xf8\x06\x73\x58\x99\xc0\x82\xb5\x19\x56\x95\xf7\xe8\x50\x4a\x4e"
	"\xc9\xe2\x01\xcd\x00\x93\xc7\x8e\x6b\xb9\x48\xbf\xc8\x04\xf3\x03"
	"\xcf\xd8\x01\x1f\x43\x52\x1a\x35\xeb\x51\x1a\x6c\xd8\x7f\x30\x5a"
	"\xcd\x3c\xcc\x83\xca\x33\xc2\xc8\x9e\x9a\x0d\x30\x2d\x0a\x72\x66"
	"\x85\x34\x4c\x9c\x1b\xd1\x97\x64\x87\x24\x0b\x1a\xa0\xcc\xdd\x51"
	"\x05\x9d\x81\xfb\xd1\x26\x60\x25\x2d\x7f\x66\x94\x07\x4c\x78\x32"
	"\xa3\xe6\x67\x49\xca\x52\x2a\xee\x61\x16\x9a\xb9\x55\xb0\x6f\x56"
	"\x27\x46\x76\x67\xc6\x8f\xbb\x2c\x35\x37\x04\x2f\x6d\xcb\xa8\xd5"
	"\x8f\xc2\xd8\xd7\xca\x3c\xda\x04\x7b\x6b\xe3\x1a\x99\xcd\x56\x49"
	"\xfd\xdc\x60\xbc\x39\x85\xac\x35\x69\xc2\x7c\xbc\x36\x92\xea\xe0"
	"\x23\x31\x89\x4a\xa1\xed\x0f\x27\x4e\x0f\x9a\x2d\xa6\x43\x26\xd0"
	"\xc3\x31\x85\xd0\x2c\xc5\xbb\x51\x33\xbc\x6c\x42\xdf\xd5\xc0\xe0"
	"\xe0\x04\xd7\x3d\x16\xa9\x03\x27\x7c\xc3\x03\xc6\xd3\xe9\xe9\xef"
	"\x58\x08\x70\xd6\xaf\x8b\x40\xae\xae\x88\xed\x4a\x5e\xd3\x4a\xc8"
	"\x22\x98\x54\x65\x9a\x71\x80\xc9\x59\xf1\xee\x74\xc0\x11\x31\x2e"
	"\x14\x51\x90\x34\xa4\x27\xb6\x2b\xd0\x3c\x63\xea\xa3\xb3\x33\x29"
	"\x0a\xa6\x41\x20\x41\xed\x9b\x3d\x10\x2e\xa7\xae\x6a\x93\x63\xcf"
	"\x2a\x48\xa0\x33\x9f\xe5\xc2\x21\xd0\x1e\x1f\x39\x2f\xf2\x21\x5c"
	"\x6d\xe8\x27\x25\xf8\x0a\xd7\x4a\xd8\x40\x93\xff\x3b\x9e\xad\xc9"
	"\xf7\x79\xe4\x2c\x84\x3f\x5c\xcf\x72\x8d\xa0\xb5\x3f\xf6\x2d\x1f"
	"\x8a\x1b\xd2\x23\xca\xb6\x55\xe9\x15\xe6\x7b\xb7\x72\xed\x91\x71"
	"\xec\x3c\x5f\x6d\x2c\xd1\x26\xcc\x41\x9d\xee\x36\xa7\xfc\x71\x6b"
	"\xad\x71\x6d\x7c\x14\xac\x7e\xe0\x6d\xec\x42\x1c\x05\x61\x50\x22"
	"\x46\x0e\x0b\xc0\xbe\xf3\xe7\x7f\xfd\xfa\xf1\xfc\xf9\xe9\x65\x15"
	"\x3f\xfd\x92\x2b\xb7\xc5\x25\x42\x7e\x1c\x1c\x35\xa5\x59\xde\x6c"
	"\x6d\x86\x94\x9d\xa6\x5f\x09\x91\x49\x94\x12\x6b\x97\x2b\xae\x26"
	"\x1b\x2a\x84\x1b\x9a\x6c\x60\x4f\xa8\x9c\xcb\xfa\xd4\x8f\x49\x3e"
	"\xdb\x3e\x1e\x12\x21\xb9\x04\x96\x67\x0a\x80\x8f\xed\x87\x21\x49"
	"\x01\x8f\x7c\xf6\xe1\xbd\x48\x69\x52\xb6\x94\xf1\xee\x42\xbc\x98"
	"\x03\x4d\x89\x45\xad\xe3\x66\xc2\x6a\x56\x77\xfa\xed\xab\x21\x08"
	"\xa2\xdb\x51\x7e\x27\x94\x6b\xeb\xd2\x58\x1a\xe5\x43\xb5\xb5\xac"
	"\x05\x7a\xb7\xad\x92\x96\x49\xbd\x2b\xf7\x7b\x88\xbf\xe1\x0c\xde"
	"\xa7\x59\x21\x0e\x99\xc1\x55\xbf\x22\x63\xd1\xf4\xa8\x44\x15\xf6"
	"\xd7\x13\xe1\x32\x6b\xc6\xd9\x74\x71\x9f\x86\x49\x1f\xb0\x24\x11"
	"\x25\xf4\xa1\xf4\x16\xab\x53\x69\xef\xf5\xfd\xf9\xfb\x5f\xd7\x77"
	"\xa9\xbf\xb7\xdd\xff\xe9\xd0\xd5\x6d\x46\x97\x91\x26\xf9\x6c\xa1"
	"\x25\x77\xbb\xbe\xf8\x76\x6b\x45\x9c\x0d\x6e\xab\x92\x93\x96\x3d"
	"\x90\x5d\xcd\xae\x74\x9a\xc3\xe3\x6a\x5b\x1b\xe7\x01\x15\xc4\x6d"
	"\xe1\x4e\x3e\xaf\xab\x02\x49\x22\xcf\x73\x7d\x1d\x44\x4e\xa7\x1c"
	"\x67\xe3\xe8\xe9\xba\x54\xba\xd9\x03\xbe\x04\xa2\x07\xc7\x12\x26"
	"\xd5\x9e\xe7\x10\x1d\xdb\x58\xa6\x02\x08\x6a\x77\xde\x55\xd0\x18"
	"\xcd\x99\x43\xcc\x76\x88\x36\xee\x61\xbf\x7d\x5c\x54\xde\x76\x4f"
	"\x46\xa5\x14\x26\x13\xd3\xc2\xee\x0e\xee\x88\x65\x3a\x65\x59\xa4"
	"\x72\x8e\x30\x45\x2d\x16\x26\x10\x6b\xeb\xb6\x35\x3e\xa2\xed\x67"
	"\xe8\x92\x84\xce\x8c\xc3\x28\xea\x51\x53\x76\x9c\xf6\xd5\xbd\x1a"
	"\x42\xa6\x65\x61\x73\x64\x3b\x2e\x0b\xe7\xcf\x36\x7e\xa1\xbc\x08"
	"\xe7\xb2\x9c\x15\x3d\x46\x7c\x56\xed\x03\x9f\xd5\x30\x11\xf9\xb4"
	"\x28\x9f\x17\xc9\x1f\xe9\xcd\xee\x8e\x48\xb0\x87\x92\x2d\x13\x9b"
	"\x3f\xa7\xd2\xeb\x4a\xeb\x72\x71\xe3\xb0\x27\x37\xca\x80\x28\x56"
	"\x8f\x6a\xb4\x68\x99\x43\xb6\xa3\x95\xe9\xf9\x54\xf3\x3c\xd5\x9c"
	"\x08\x0d\x41\x90\x80\x8c\x6b\x56\x47\x3d\xf6\x31\x54\xba\x67\xaa"
	"\xd3\x82\x82\xf6\x34\xb4\x25\x7a\x84\xa9\x49\x3a\x42\x9d\x46\x59"
	"\x8e\x7e\x7b\x91\x48\x03\x54\xef\xc8\x3d\x12\xa0\x89\xe9\x8b\x26"
	"\xbd\x6b\x99\xcf\xbe\x8e\x21\xb2\xa2\x89\xd7\xbc\x3f\x0e\x48\xb3"
	"\x8e\x30\xa4\x0d\x7a\x0f\x56\x03\xd9\xb1\x6d\xf3\x17\x37\x38\x3c"
	"\xaa\xef\x1c\xec\xa0\xb5\x9a\x9b\x8d\x01\x71\xe2\xfa\x31\xe5\x7b"
	"\x0a\xef\xa9\xeb\xc2\xe1\xe5\x32\x70\x6e\x9a\x06\xc4\xb9\x8d\x1a"
	"\x12\x67\xc6\x6a\x40\x9c\x5b\xa2\x01\x71\x66\x92\x86\xa2\x99\x1a"
	"\xa2\xe1\x47\x4d\x69\x51\x99\xce\xbd\x52\xc4\x25\x1f\x5f\xee\x55"
	"\x05\xb5\x08\x91\x88\x42\x0d\xb9\x0c\x91\x7d\xbe\xf6\xe9\x9c\xcb"
	"\xc9\xc1\x38\xc9\x56\x3f\x87\x12\xbf\xbe\x5f\x7f\x0b\x57\xc9\xcf"
	"\x97\x8f\xe7\xef\x2f\xd7\xbf\xaf\xef\xff\x13\x5d\x07\xbf\x56\xfc"
	"\xbf\xcf\x1f\x9f\xff\x5a\xf2\xc8\x69\xb8\x27\x90\x14\x80\xb9\xb0"
	"\x86\xb2\x26\x29\xe9\xa7\x2f\x21\x2f\x1f\xd7\xf7\xd7\xa7\x8f\xeb"
	"\x2a\x79\xfb\x73\x31\xe2\x71\xc3\x12\xd2\xaf\xc5\x62\x7a\x38\x3e"
	"\x9e\x92\x65\x70\x81\xe1\xcc\xc4\xf8\xbc\xf1\x36\x35\x7c\xfb\xaf"
	"\x0a\x3e\xfd\x02\xaf\xf8\x35\x59\xd0\x4c\x9a\x3e\x8f\xea\x3c\x8b"
	"\x59\x38\x98\xed\x43\xa2\xdc\x96\xd6\xcc\xf5\x7b\xc6\xe9\xdb\xc7"
	"\xf3\x97\x5f\xab\x2f\xd7\xa7\x8f\x9f\xef\xd7\xc9\x52\x49\x1d\xe9"
	"\x4c\x23\x59\xab\xc9\x91\x2a\x6b\x16\x88\x0b\x14\x36\x0e\xfe\xd7"
	"\x38\x03\xa9\x5c\x55\x54\x10\x39\xeb\x57\x9e\xb9\xd8\xc6\x65\x7f"
	"\x0e\x2e\x46\x91\xaf\x55\x7d\x12\xd1\xcf\xb2\x55\x74\xc2\x89\x47"
	"\x48\x25\xbb\x59\x0a\x3b\xa3\x78\x95\x55\x54\x40\xf9\xf6\x09\x63"
	"\xf8\xd0\x3e\xcb\x6e\x93\x21\x77\x82\x38\xab\xa8\xf1\x93\xf9\x8d"
	"\xea\xd8\x10\xb1\xa7\x8e\xf3\xa4\x8e\x17\xbc\x9c\x20\x97\x7d\x2f"
	"\x14\x59\x02\x07\x76\x8f\xd8\xe1\x68\x63\x21\x29\xb8\x5f\x87\x34"
	"\x6a\x45\xa0\x82\x29\x4e\xd9\xde\xdc\x8f\x50\x05\x95\x9d\xe0\xe9"
	"\xf5\xe9\x2b\xe4\xbd\x53\xb9\xdb\x26\x6d\xdb\x6a\x3b\x49\x09\x38"
	"\x3b\x61\xcd\x06\x6d\x85\xba\xf0\x76\xeb\xc4\x1a\x5d\x22\x9f\x77"
	"\xda\x04\x66\x18\x5d\x96\xcb\x71\x02\xdb\x53\x24\xd2\x7a\x48\xc9"
	"\x33\x81\x66\x42\x81\xe7\x9b\x5c\x2a\x4b\x0b\xe2\x64\x30\x44\xc9"
	"\x1f\xfd\xa2\x8c\x8b\x91\x5e\xe4\xe7\x82\xd3\x47\xb9\x3e\x1e\xe2"
	"\xdb\xc2\x59\x82\x4c\xc9\x66\x17\x67\xc3\x30\x9a\x7d\x51\x17\xd1"
	"\xf2\x16\xba\xf2\x46\x8a\xa8\x5c\x8a\x16\x14\x3c\x6e\x79\x39\x6e"
	"\x65\x48\x4c\x2c\x47\xae\x45\x07\x34\x60\x30\xdd\x96\x81\x32\x96"
	"\x2b\xdd\x3e\xa0\x5b\x05\x12\x13\xe6\xc8\xc6\xa0\x22\x16\x97\x5c"
	"\x64\x33\x95\x6a\x12\x25\x37\xb9\x92\xef\x70\x4e\x03\x4e\xf8\x3e"
	"\x00\x50\x49\x91\xc8\xff\x18\xf2\x69\x3c\x3a\x0e\x9d\xa1\xfa\xa2"
	"\x1a\x52\x32\x87\x21\xe5\x3c\x1b\xc7\xcf\xbc\x21\x72\x3d\x53\xb9"
	"\xe8\x14\xfb\x64\xf9\xd1\x4c\xce\x50\x0a\xc2\x91\x4d\xcf\x31\x4e"
	"\x6c\x6d\x33\x2a\x3a\x87\x09\x3f\x86\x06\x20\xdc\xe2\x48\x91\x90"
	"\x5f\x37\xd4\x1e\xfe\x5f\x0c\xa6\x71\xc3\x34\x1e\x02\xa3\x87\x65"
	"\xa7\x4e\xc0\x7d\x09\x65\x8e\x5c\xa6\x54\xba\xb0\xdb\x20\x37\xfc"
	"\x80\x7a\x82\xbc\xbf\x51\x92\xe0\x9f\x17\x9d\xf1\x87\x4b\x39\xb8"
	"\xe2\xbc\x4b\x9d\xd4\x4a\xf9\xb1\xcc\x97\xe3\x25\x26\x8c\xf0\xf1"
	"\x38\x8e\x56\xaa\x04\xd1\x26\xcf\xc0\x22\x73\x02\x26\x41\x42\xbe"
	"\xde\x24\x5c\xd1\x74\xf1\xb6\x45\xff\xda\xb6\x03\x8d\x75\x77\x48"
	"\x81\xcd\xce\x69\x7e\xa7\x54\x4e\x8a\x3b\x63\x8f\x64\x91\x3a\x5e"
	"\x60\xd3\x13\x76\xba\x47\x1b\x75\x09\x4d\xb8\x60\xe3\xa3\xa8\x6e"
	"\x63\x93\x9e\x95\x3b\xeb\x20\x82\x39\x38\xb7\xaa\x98\xd6\xa3\x8b"
	"\x30\x7d\xa9\x26\x47\xa3\x02\xc9\x1a\x1c\x8e\x22\x85\xe3\x07\x39"
	"\x18\x36\xbb\x57\xf3\x5b\x91\x70\xb5\x67\x61\x22\xa4\x38\x90\xb3"
	"\x63\x21\x2e\x0e\xcd\x1b\xc2\xc4\x77\x91\x4b\xd4\x37\x80\xa7\x01"
	"\x84\x85\x65\xd9\x6b\xdb\x5e\xe3\x90\x38\x71\x3d\xe4\x7c\xa9\xa3"
	"\x63\x51\xa3\x7a\xfa\x16\x0b\xc0\x0e\x80\x3c\x24\x5b\xcf\xd5\x70"
	"\x40\x03\x5e\x37\xfc\x73\x77\xbb\x5e\xeb\xe9\x9e\xae\x7e\xb9\xe7"
	"\x39\xb6\x81\xee\xea\xe9\xbe\x96\x7f\xe0\x59\x5a\xfe\x68\x24\xf2"
	"\x9b\x78\x3c\x83\xfc\x7c\x57\x03\x88\xe4\xda\xcf\x59\x73\x0b\xb9"
	"\x36\xdd\x30\x41\xc2\xaf\x2b\x62\x41\x0f\x90\x82\x18\x39\x09\x6a"
	"\x34\x2d\x72\x02\x4b\x27\x05\xe1\x7a\x5b\x8d\x14\x45\x48\x7c\x0f"
	"\x89\x45\xde\x00\xe2\xd0\xdb\x62\x51\x1f\x7a\x45\xf5\xfe\xc6\xe9"
	"\x0f\x22\x72\xfc\xad\xa6\x8e\x8c\xbb\xf6\x3e\x76\xed\x6d\x65\xc4"
	"\x4c\x02\x36\x4c\x7a\xb2\xf2\x66\xfd\xe3\xe5\xf9\xf5\xff\xfe\x69"
	"\xff\x4b\xcd\x2f\x8b\xc3\x6e\xd5\x5e\xe2\xfb\xf9\x0a\x49\x96\x17"
	"\x2e\x24\xaf\xfe\x79\xbb\x90\xf2\xaf\x99\x2d\xd8\xc1\x09\x93\xa6"
	"\x8d\xf8\x85\x63\x27\xd9\x8a\x9e\xc4\x55\x81\x1c\xb3\x2a\x7a\xc9"
	"\x17\x27\x7f\x8a\x06\x07\x4e\x72\x52\x5b\xc7\x43\x47\xf3\x86\x02"
	"\xeb\x24\x65\x07\xeb\x93\x33\x33\x93\x8a\xda\x9d\x33\xd6\x71\xa4"
	"\xe9\xc5\xdc\x49\xf2\x9d\x4e\x81\x0a\x11\x78\x6b\x8d\x7e\x8c\xde"
	"\xb5\xd8\x36\xe2\xfd\xf9\xeb\xd7\xd1\xe9\xd6\xf0\xfa\xc2\xd4\xf0"
	"\x77\xb7\x1a\x66\x91\xd9\x47\xd4\x4c\x9a\x77\xcc\x85\x76\x04\x3c"
	"\x52\x39\x33\xdd\x61\xce\x63\x23\xa8\xfe\x82\xdc\x08\x1a\xe6\xa5"
	"\x19\x44\x42\xc1\x4e\x0c\x49\x47\x33\x42\xea\x0d\x6d\x87\xea\xae"
	"\xa9\x8c\xb5\x4d\x89\xf9\xf9\xfb\xc7\xd3\x1f\x2f\xd7\x1f\xab\x8f"
	"\x46\xd6\x37\x7d\x4f\xaf\x1f\x5f\x9e\x61\xf9\xdf\x2e\xae\x56\xff"
	"\x84\x26\xf9\x78\x7a\xff\x7a\xfd\x98\x2b\x7b\x2f\xfc\x82\xa4\x9c"
	"\x61\x39\x64\xc6\xa2\x20\xb2\x9d\x88\x19\x97\x93\x14\x71\x55\x1c"
	"\xc1\x52\x2a\xb0\xcc\xef\xcd\x8c\x9a\xed\x20\x7f\xe2\xb2\x50\x99"
	"\xfc\x37\x95\xb3\xa7\x74\xe9\x98\x81\x4a\x73\x3c\xdf\xf8\x81\xd2"
	"\xf1\xaf\x76\xb7\x0e\x3a\xf6\x38\xf0\xbe\x22\xe2\xcb\x05\x45\x16"
	"\xc7\x32\x8d\x68\x51\x61\xef\x7f\x28\x2e\x19\x2c\x2a\xfc\xf5\x8c"
	"\xf3\x8d\x04\xbb\x22\x31\xfe\x8e\x21\x10\x84\x2a\x15\xa2\x46\xe6"
	"\xe5\x28\xbe\xd4\xe0\x2b\xf0\x2b\xc5\xc9\x21\x5c\x86\xad\x1a\x86"
	"\x38\x0a\x89\x90\x5a\x88\x10\xce\x7a\x6e\x12\x87\x82\x6e\xae\x37"
	"\x28\x3a\x86\x72\x22\x7c\x59\x2e\xec\x32\x9d\xfc\xe3\xfd\xe3\xb3"
	"\xf5\x8f\x21\x40\x12\x45\x76\x0c\xc7\x4f\xb5\x85\x93\xa7\xfa\xda"
	"\x02\x64\xd6\xa8\x03\x5a\x7a\x92\x93\xd7\x6e\x23\x4a\x16\xac\x9e"
	"\xbb\x24\x85\x03\x83\x06\x40\x96\x8a\x7d\xaf\x34\xd3\x72\xd8\xcd"
	"\x59\x28\x9e\xe4\xac\x18\x96\xd7\x25\xa3\xf5\x34\x7b\xc5\xb8\xd6"
	"\xc5\x69\xe6\x09\xd2\x5f\xe6\x83\x9a\x2e\x4c\x6f\xbb\xe7\xc8\x6e"
	"\xe7\x7d\xa2\x48\x42\xac\x1b\xa8\x0a\x10\x07\xd9\x0e\x12\x71\x34"
	"\xbd\xd1\x10\x82\x84\x9f\x19\x40\x7c\xe4\x84\xb3\x83\x1c\x2f\x49"
	"\xe0\xf9\xfa\xfa\x26\xa4\xf2\xb7\xc8\x72\xad\xc3\x14\xdc\x0b\x5d"
	"\xc3\xbb\x18\x8f\x6d\xc7\x0a\xee\xc0\x38\xf7\x30\x42\x5c\xb4\x3a"
	"\x50\x25\x21\x9e\x16\x91\x87\x7b\x34\x7e\xd4\x08\x63\xf9\x77\x80"
	"\xdc\x7b\x40\xf7\x60\x02\x43\x6b\xac\x6d\x11\xe8\x1b\x63\xf7\xe8"
	"\x3a\x0f\x5a\x04\x97\x6b\xa0\x2d\x92\xe3\xa7\xc3\xec\x13\x34\x0a"
	"\x68\xdf\xea\x52\x91\x6d\x23\xc4\x43\x82\x35\x0e\xb9\x38\xfa\xa6"
	"\xa2\x89\x6b\x39\xfa\xfe\x50\x9c\x82\x60\xec\xf3\xd4\x44\xca\xc9"
	"\x99\xa9\xd3\x82\x44\xb7\x66\xa1\x6f\xd7\xe6\x2e\xeb\x98\x21\x9e"
	"\x11\xb2\x76\xcd\x10\xb3\x6d\xd8\x5a\xe6\x4e\x6d\xeb\xbb\x50\xb1"
	"\xc5\xa2\x4c\xdf\x9a\x6e\x6d\x6e\x5d\xdf\xb6\xef\x30\x1e\xeb\xe0"
	"\x0e\x23\xe4\x98\xba\x8f\x63\x1b\x3a\x74\x12\xe6\x9b\xad\x87\x0c"
	"\x4a\x0b\xd1\xbc\x41\x7f\x9e\x5e\xff\xbc\xc7\xf8\x47\xdc\xc5\xfc"
	"\xc9\xc7\x35\x34\x29\xb2\xd4\xa3\x6d\x38\x3f\x79\xea\x2f\x27\x19"
	"\xeb\x61\x3b\x81\x6f\x52\x10\x2c\xa3\xeb\x10\xe2\x19\x35\xd1\x0f"
	"\xbc\x7a\x4f\x12\x16\x5f\x4c\xc8\xcd\xda\xd4\x39\x9c\xb5\xa5\xef"
	"\x62\x5c\x3c\xd8\x1b\x41\x0c\x8a\xb2\x0e\x84\xe1\xeb\x01\xe2\x7a"
	"\x46\x08\x12\x4a\xad\x87\xf0\xc4\x77\x0c\x1f\xb5\x7b\x5c\x07\x06"
	"\xa5\x2d\x72\x2f\x34\xf4\x32\x50\x08\x7d\x0f\xfa\x74\x49\x1f\x93"
	"\x7c\xa6\x31\x6f\xaf\xbf\xc1\x92\xca\xa0\x2f\x79\x6c\x19\xec\x3c"
	"\x20\xf4\x55\xdc\x0b\xf9\xd7\x64\x2c\x98\x32\x49\x82\xaa\xaa\xa6"
	"\xf3\x32\xd5\xae\xe9\x89\xeb\x65\xb4\x99\x38\x59\xf6\x01\xd8\xf8"
	"\xf5\xf5\xc7\xdb\xbb\xe9\x0b\x07\xb1\x22\x60\xfd\x8b\x54\x92\x94"
	"\x22\x83\x03\x9e\x61\x08\x85\x71\xf9\xf4\x08\x30\x4a\xc8\x2d\x34"
	"\xc2\x2d\xe1\x70\x5f\x8a\xb8\xa9\x4b\xc0\x3c\x8f\xb0\x2c\xac\x69"
	"\x7a\x18\xe5\x11\x86\xb2\x36\x49\xa7\xda\x70\x4d\x69\xcc\xc7\xd4"
	"\x6c\x14\x25\x05\xee\x04\x17\x44\x6a\xe6\x21\x42\x6e\xa4\x92\x04"
	"\x36\xc1\x63\x2b\x40\x52\x56\x9f\x6b\x52\x31\xe0\x8c\xa4\x5e\x85"
	"\x9c\x11\x18\x6f\x95\x9c\x05\x7c\xcb\x09\xb2\x82\x49\xe4\xac\x4c"
	"\x36\xc1\x69\xb9\x43\xe4\xb1\xeb\x5a\x35\xc6\xbc\xcd\x82\xc8\x51"
	"\x40\xe3\x4d\x67\x22\x37\x1d\x45\xff\x96\x1d\x49\xf4\x80\x23\x7c"
	"\x63\x9d\x1c\x90\x1b\x14\x37\xcc\x82\xa2\x29\xe2\x21\x57\x32\x1e"
	"\x36\xdd\xb0\x5c\xb3\x1a\x96\x0d\x84\x36\x4e\x4b\xab\x97\x92\xea"
	"\x40\x65\xc2\x97\xe7\xeb\xeb\xc7\xa8\x83\x10\x7e\x49\xe5\xea\x1a"
	"\x17\x9b\x2c\x5f\x5c\x0b\xc9\xf2\x5d\xb9\x9f\xc7\xfd\x50\xfc\xc0"
	"\xb1\x77\x74\xc8\x71\x56\xe5\xcb\x0a\x59\x56\x0b\xd7\x08\xba\x73"
	"\xe0\xc9\x95\x3e\x08\xe6\x8c\x04\x6a\x06\x5a\x0e\x7d\x5d\xae\xb2"
	"\x59\xf1\x88\x62\x22\xb9\xec\x34\x61\x08\x12\x2e\x1a\x68\x9c\x16"
	"\x61\x86\x2c\xf0\x54\x1d\x42\xa6\xbf\x40\x2a\x31\x29\x15\x15\xce"
	"\xa0\x28\xb1\xcb\x4c\x92\x9a\xec\x7d\x24\xa4\xa6\xa2\x82\xcf\xf8"
	"\x91\x14\x14\xbe\x72\x11\x75\xda\x23\x5b\x62\x60\x66\xba\xd4\x84"
	"\x8b\xb9\x31\x0b\x01\x2f\xa0\x69\x39\x6c\x91\xb6\x18\x3b\x55\xeb"
	"\x9e\x4a\xd8\xc2\x99\x32\x64\x6d\xf9\xf1\xf6\xe5\x63\x75\xfc\xf5"
	"\xfd\xfa\xfe\xdb\x69\xf5\xf5\xe7\xf5\xc7\xc7\x92\x63\xce\x49\x0a"
	"\xbd\xb1\xa7\xed\x3e\xd3\xd2\x29\x99\x20\x70\xec\x3d\xac\x5c\x5e"
	"\xfc\x3f\x69\x57\xd4\xdd\x28\x8e\xac\xff\x8a\xcf\x3c\xed\x9e\xb3"
	"\xbb\x03\xd8\xd8\xf8\x61\x1e\x64\xc0\x86\x0e\x18\x05\x81\x9d\xf4"
	"\x0b\xc7\x9d\x78\x3a\x3e\xd3\x89\x73\x13\x67\x77\x7a\x7f\xfd\xad"
	"\x92\xc0\x06\xa1\xc2\x99\xb3\xdd\x0f\x49\xa8\x0f\x49\x08\xa9\x54"
	"\x12\x55\x5f\xc5\x22\x75\xd0\x4b\xc1\xd8\x38\x98\x70\x61\x10\x13"
	"\xeb\x4e\xe2\xd9\x73\xa7\xa4\x84\x49\xbc\x20\xef\x9b\x39\xe3\x05"
	"\xb1\x9a\x79\x33\x9b\x2a\xd3\xb3\x3d\x2f\xa4\xea\x13\xae\xb6\x6d"
	"\x56\xc7\x11\xd0\xa9\xef\xa7\x3a\xd6\xff\xbc\xf6\x49\x11\x7b\x78"
	"\xd8\xff\xd8\xbf\x1d\x9f\xf7\x27\x6d\x45\x64\x30\xd9\xec\xa9\x43"
	"\x04\x87\xd4\xd2\x6e\x84\xa2\x2a\xf1\x65\xf7\xe3\xf8\x7d\x74\x3a"
	"\x8e\x1e\x0f\xdf\x0f\xa7\xdd\x0f\x3c\xf7\x84\x2a\xfb\xe5\xcf\xa6"
	"\x44\x6e\x44\x10\xcd\x88\x8d\x2b\x88\x3c\x9b\xbc\xcb\x26\x3e\x72"
	"\x80\x48\x73\xd0\x6e\x37\xb5\x69\xe7\xb7\xc3\x3f\x1f\x0f\x6f\xfb"
	"\x07\x54\x54\x64\xa3\x8b\x99\x96\x24\x42\x89\x77\xaf\xbb\x07\x28"
	"\xe4\xe5\x61\xff\xa9\x27\xb7\x5d\xf2\xf1\x6c\x97\x7c\x86\xd9\xa4"
	"\x5f\x73\x20\x5b\x0c\x3f\x54\x8d\xe2\xe7\xcb\xe9\x69\xff\x7e\xd0"
	"\x2a\x9c\x7b\x63\xaa\x54\x10\x4d\xfa\xac\x27\xfb\xd3\x7f\x8e\x6f"
	"\x7f\xc8\x1e\xfa\xf9\xdf\xfd\xdb\x3f\x46\xf1\xf3\xeb\xfe\x51\x3e"
	"\x9f\x4f\x3c\x94\x3b\x1f\xf7\x37\xd5\x0c\x7a\xf3\xdf\xfb\xd1\xfe"
	"\x65\xff\xf6\xfd\xe7\x48\x8e\x32\x1c\x85\xb1\xdf\xbd\x37\x9c\x79"
	"\x6e\xbf\x15\xf9\xfe\xfd\xf8\x03\xbf\x2a\x7d\xa2\x4b\x1d\x31\xa7"
	"\xba\xd4\x81\x5d\x8e\x6d\x0d\x64\x00\x77\x49\xe1\xdd\xaa\xbf\x40"
	"\x8a\xd7\xfd\xee\x8f\x8f\x57\x6c\x09\x34\x6f\x3f\x7a\x7f\xdd\xef"
	"\x1f\x9e\x3a\x29\xa3\x94\x86\xa9\x7a\xa4\xad\xf5\xa8\x7b\x7c\x3b"
	"\x1e\x1e\x2f\x2b\x21\x13\x91\x3a\xe1\xbc\xb4\xb9\x8e\x13\xd9\x68"
	"\xb9\xca\x34\xa7\xa8\x24\xbd\xa9\x53\xcc\x5e\x4c\x3d\x8d\x5e\x0a"
	"\x49\xfd\xf0\xfc\x15\x96\xb2\x28\x64\x66\x0e\x51\xc4\xf8\x2c\xdf"
	"\x84\x59\x59\x5c\x41\x45\xe5\xfa\xe6\x0a\x04\x8c\x92\x41\xc0\x32"
	"\xcb\xfd\x50\xda\x2e\xe4\x4a\x8f\x30\xe9\xef\x24\xc9\x66\xa4\xd7"
	"\x03\x52\x3d\x81\xc1\x48\xb0\x23\xe0\x0d\x3c\xcb\x12\x65\x80\xe7"
	"\x21\x98\x15\x26\x77\x74\x84\xe5\x8b\x78\x2d\x1b\xd8\xe9\x32\x75"
	"\x39\x5b\x27\xf7\xd8\xbe\x4a\x7e\x42\xa8\xbc\xd5\xc2\x00\xc2\x7b"
	"\xab\xf0\xce\x0f\xb9\x4e\xe5\xd5\xbc\xf6\x45\x46\x31\x46\x83\xd1"
	"\x5d\x81\xc1\x3d\x73\x26\x84\x51\xbd\x22\x7a\x64\x25\x2a\xcc\x3e"
	"\xb6\xc8\x28\xd2\x9a\x75\x0c\x6f\x59\x70\x96\x53\x0b\x18\xba\x99"
	"\xfb\xc9\x4d\x75\x97\x80\x6d\x0b\xbf\x6c\xbf\x12\x6d\x84\x51\x5f"
	"\x2c\xcd\xb5\x6c\xe3\xc4\xb7\x2d\xcb\x92\x1e\x67\x57\x10\x94\xbb"
	"\x10\xc5\xc5\x72\x23\x66\xd4\x01\xe1\x2a\x0f\xef\x29\xbf\x41\x1e"
	"\x4f\x0c\x5a\x67\xb5\x7b\xff\x63\x7f\x32\xf1\xda\x34\xef\x68\xc5"
	"\xc4\x4d\x58\xc0\xf8\x62\x69\xb8\xcd\xf2\x1b\x6a\x27\x80\x9b\x1c"
	"\xe8\xfb\x78\x99\x99\x98\xa1\x54\x72\x91\x9e\xd3\xa4\x8c\x31\x6b"
	"\xf9\x49\x9a\x2e\x57\x58\x6b\x8b\xc8\x32\x94\xb9\x35\xce\x67\x49"
	"\xbb\xe7\xf7\x0f\xd0\x93\x6c\xe1\x8f\xb2\x9e\xe5\x0c\x58\x10\x98"
	"\xb0\xd1\xc7\x37\x12\x8f\x61\xa1\xd4\x3d\xa0\xd3\x5f\xe4\x32\x02"
	"\x0a\x1a\x7e\x0c\x15\x81\xae\xdd\x01\x55\xce\xe2\x78\x3c\xa1\x7e"
	"\x2f\x0e\xcf\xb0\x50\x3c\xed\x1f\xfe\x18\x2e\x0b\x07\xb4\xff\x17"
	"\x0a\xdb\xc3\x9f\xcf\xe8\x41\x7d\x29\xb5\xe3\x20\xd5\x29\x17\x37"
	"\xc9\xbd\xb7\x76\xfb\xb1\xfb\xf1\x70\x7c\x7e\x1e\x31\x58\x27\xc1"
	"\xac\x1c\xf9\x49\x30\xda\x62\x00\x33\x94\xfb\xf1\x63\x7f\x69\xe7"
	"\xad\xcf\x60\xa2\x04\x15\x0a\x5b\xfe\xd1\xad\xab\xf8\x51\x49\xee"
	"\x60\x7e\x79\xdc\xff\xbe\xfb\xf8\x71\x6a\x7d\xd5\x5a\x65\x49\xb0"
	"\x8c\x09\x2f\x29\x3f\xca\xc1\xa4\x3c\xd3\xb5\x09\xba\x95\xf0\x3a"
	"\x9e\x5e\x8e\x60\xa5\x1c\xf6\xef\xa3\xc3\xcb\xc3\xbf\x46\x18\xe4"
	"\xf5\x8e\x3e\x14\xbf\x1f\x1e\xea\x11\xde\x8f\x5e\x45\xf3\x3e\xbc"
	"\x03\x33\x5d\x6d\x98\x34\xf7\xee\x3c\xdc\xb4\x83\x00\x04\xef\x66"
	"\xd3\xe4\x67\xeb\x19\x37\xb8\xe6\xcd\x69\x1b\xb4\x0e\x38\x02\x2f"
	"\x05\x76\x22\x05\xe0\x0f\x74\xa3\x89\x91\x48\x14\xd3\xa6\x0b\xd4"
	"\xa4\xad\x20\x8b\x98\xb3\x0e\xeb\x04\xfc\x6d\xd6\xf1\x9c\x91\x9f"
	"\x09\x51\xb6\x0d\x62\x54\x83\x30\xb7\xb4\x0c\xef\x2a\x3e\x46\xaf"
	"\x06\x83\x81\xb4\xaa\x1a\x3c\xc6\xf4\xa0\x4c\x6b\xd5\xb8\x4a\xa3"
	"\x18\x5f\xf9\xdd\xbd\xb9\x09\x0d\x20\x86\x57\x5b\x7b\x4b\x77\x1e"
	"\xb3\x2a\xbb\x6e\xb8\xf0\x8e\x6c\x9b\x51\x01\x79\x9d\x1e\x55\x7b"
	"\x7e\xd8\x8b\x56\x22\xec\x76\x1d\xf6\x6d\x50\xa6\xdc\x7c\x55\x56"
	"\x3b\xa9\x5c\x42\x8a\x41\xae\x30\x4c\x72\x3c\x4f\x0a\x70\x5c\xac"
	"\xc4\x6f\xe7\xa0\x58\x58\x24\xf0\x2b\x68\x92\x65\x37\x65\xab\xf8"
	"\x88\x6d\x42\xb9\x92\xf0\x3c\x84\xf5\xa6\xd5\x9c\xcb\x2a\x73\x4e"
	"\x70\xa9\x72\xa1\xfa\x3f\x8e\x30\x77\x97\x6f\xbb\xe7\x3d\x5a\x95"
	"\xed\x49\xdb\x5a\x99\x70\x6c\xb0\x22\x26\x96\x78\x44\x44\x22\xb8"
	"\xb9\xb6\xbe\x61\x6a\x8b\x09\xe1\xef\xd5\x82\x89\xd8\xa5\xb2\x5b"
	"\x74\x51\x84\x83\x60\x17\x34\xf9\x0c\x88\xc8\x90\xd2\x02\xf9\x81"
	"\x1f\xce\x88\x3d\x91\x06\x9b\x3b\x57\x1f\xd1\x17\x98\x00\xb8\x22"
	"\xf2\xe1\x22\xe2\x36\xcb\xe3\x5b\xc3\xf0\x6b\x9b\x0b\x78\x42\xd1"
	"\x1e\xb5\x2d\x19\xe5\x39\xd7\x7e\xa7\xbe\xb9\x99\x69\x20\x04\xa8"
	"\xbf\x84\x3c\xf6\x0a\x84\x6f\x1a\x58\x1a\xe5\x99\xc4\x32\x77\x0c"
	"\x25\x69\x17\x11\xcb\xb8\x2f\x9a\x9c\x71\x06\x71\xce\xd3\xa8\x63"
	"\x74\xf3\xdb\x6a\xe5\xfb\x95\x67\x79\xe6\xd7\x89\x80\x34\x1d\x42"
	"\xc4\x75\x11\x13\x8b\x48\x25\x15\x9f\xeb\x20\x52\x6e\x23\x20\xb9"
	"\x06\x50\x25\x10\x9f\xf4\x51\xad\x48\xc0\x94\xf0\xad\x3c\x03\xa8"
	"\x8f\x7a\x17\xc0\x40\x09\xc9\x20\x20\x50\x25\xcc\xa7\xb6\x4b\x02"
	"\x92\x41\x00\x54\xa1\xfa\x7a\x7e\xf5\x31\x06\x3a\xa2\x2e\xe2\x5a"
	"\x57\xcd\xe7\x57\x01\xd3\x6b\x75\xcc\xaf\x75\xe6\x9c\x48\xef\x53"
	"\xf7\x95\x37\x71\x49\x39\x2c\xd7\x61\x76\x05\x83\x4b\x7d\x1f\x72"
	"\x5e\xae\x53\x58\x99\x90\x43\x19\xb5\x7a\xdc\x0a\x0f\xc4\xf6\xc9"
	"\xc9\x92\xf1\x9a\x5b\x42\x6b\xf8\x4d\xb6\x66\xdd\xab\x4d\x6b\xfa"
	"\x92\xba\x0d\x7d\x81\xcf\x52\xe3\xf5\x15\x2f\xcd\x05\xe1\x42\x6f"
	"\x94\xac\xdb\x77\x5c\x3a\x40\xb5\x35\x89\x0b\x22\x29\xee\xa5\xd5"
	"\x43\x18\xd5\xcc\x21\x44\xfd\x84\x43\x10\xf5\x4c\x43\x88\xf5\x55"
	"\x44\xf3\xfc\x83\xf5\x80\x7c\x01\x26\x2e\x95\x04\xb3\x69\xc9\x30"
	"\xa6\x7e\xa0\x2b\xa0\xba\x39\x43\xa8\xe0\xdc\x7d\x6c\x95\x11\xfe"
	"\xb8\x72\x9c\x36\x8f\x76\x05\x56\x77\xf4\x30\xea\x13\x05\xd5\xaf"
	"\x63\x18\xb4\xfe\x0c\xe8\x3c\x82\x68\xd8\xad\x6a\x92\xf0\xcb\x05"
	"\xa3\x00\xf5\x93\x0d\x62\x54\xa3\x07\x21\x09\xc7\x48\x0c\x19\x07"
	"\x38\x08\x6d\xba\x89\x5a\x0e\x2e\x7d\x34\x84\x90\x4a\x8e\x02\xf8"
	"\x32\x42\xcd\xe7\x65\x95\xc1\x60\x19\xac\x08\x17\x47\x67\xbe\xbd"
	"\x52\x8c\x20\x48\x9a\x1b\x95\x14\xb1\x2f\xe1\xf0\xa0\x1f\x84\x34"
	"\x6a\x6a\x10\xd3\x68\x20\x1d\xd4\x98\xc1\x5b\xc1\xe3\x75\x37\x90"
	"\xef\x72\xad\xb1\x53\x94\xa9\x2b\xcd\x5f\x71\xfc\x78\x33\x6d\xd5"
	"\xa4\x9b\xb5\xfa\x3a\xdb\xb9\x02\x1b\x8d\x45\xcb\xb8\x66\x79\xaa"
	"\x18\xfa\x1b\xb7\x6c\xe3\xf5\x2a\xdc\x14\x98\x3d\xac\xbd\x77\xd0"
	"\x10\x78\x4c\x86\x67\x0f\x2c\xcf\xca\x75\x6b\x17\x28\x3f\xd8\xe6"
	"\x39\x2b\x60\x4f\xc0\x2c\xcb\x73\x3d\xb7\x9d\xb9\x41\xc4\x09\x12"
	"\xc6\x9d\x21\xf6\xd4\xb6\xe4\xff\x4e\x45\xd3\xc9\x19\x00\x05\xcc"
	"\x1d\xbb\x63\x60\x75\x1b\xb2\xf1\x8b\xda\xa3\xd8\x6c\x6d\x01\x5a"
	"\x01\x05\xf7\x8c\xec\x53\x29\x8b\x93\x45\x76\xa7\x57\x91\x46\x25"
	"\xf1\xd5\x58\xed\xb6\x07\x00\x63\xc7\xaa\x52\x28\xd2\xdc\xa0\xfa"
	"\x93\x39\x25\xaf\x9b\x43\x71\x83\x29\x5b\x15\x4d\xd2\x98\xfb\xdd"
	"\x35\xad\xb3\xee\xc6\x60\xec\x96\xdd\x1d\xac\xba\x74\xf1\x9c\x56"
	"\x67\x5c\x78\xa6\x7e\x78\x18\x49\xe1\x88\xef\xbe\xef\xa5\x07\x7a"
	"\x9f\x83\x58\xdd\x8d\xdf\xde\x56\x05\xf2\xcb\xea\xe5\x5e\x24\xa8"
	"\x53\xc2\xee\xe9\xb1\x01\x00\x5b\xd0\x64\xa9\x3f\x24\x7d\x0b\xbc"
	"\x92\xcd\x4c\x18\x4f\x63\x35\xe4\x92\x75\xe3\x54\x8d\x80\xbf\x58"
	"\xbb\xbc\x05\xa6\x12\xec\x59\x8b\x64\x41\xb6\x42\xce\xf6\xae\xb3"
	"\x79\x23\xa8\x33\x53\x80\xb2\x2d\x22\x98\x32\xab\x68\xe0\x51\x36"
	"\x2d\x63\x25\x5b\xaa\xcb\x7a\x77\xab\xaf\xf9\xcd\xa0\x28\xe2\xde"
	"\xdb\x6d\x0d\x65\xa1\xee\xef\x0c\x6f\xbc\x56\x6d\xc6\xe4\x9c\x91"
	"\xf2\x4f\x74\x12\x74\x87\xfc\x04\x4f\x7b\x10\x9c\x4b\xc3\x92\x24"
	"\x6d\x56\x99\x72\x6a\x64\x27\xec\xeb\x3d\x4c\x01\xce\xd5\xa7\xd5"
	"\x7e\xef\xea\x17\xb1\x50\xd1\xf3\x6b\x50\xa3\xb9\xff\x21\xe8\xf9"
	"\x78\xda\xbf\xbe\x1d\x1f\x8c\xbe\x3b\x21\x66\x94\x41\x07\xef\xfe"
	"\x8d\xaf\xcf\xef\xdf\xfb\x3a\x17\xb6\x7e\xa2\xd5\x20\xf9\xa7\x64"
	"\xc9\xd6\xaf\xa9\xcd\xa8\xa4\xb8\x5b\xb3\x22\xde\x74\x66\x47\x0f"
	"\x92\x73\xa3\xc7\xbd\x0e\x13\xea\x6b\x0f\x29\xe6\xdd\xb8\x4b\x03"
	"\x80\xf8\x16\x7d\x01\x8a\x34\x18\x80\xa8\x8f\xed\xe4\x76\x05\x40"
	"\x7a\x01\xea\x7c\x16\x3a\xf8\x6f\xe2\xe7\xfb\x69\xff\x3c\xca\x5e"
	"\x46\xfe\xd3\xe1\xf5\xef\x97\xa3\xc8\x40\xfb\xb0\xfc\x8c\x87\x96"
	"\x0f\xb0\xec\xf9\xfa\x37\xe7\xc5\xdb\x71\xf7\xf8\x70\x7c\xd6\x64"
	"\x97\xd5\x37\x03\x4b\x33\xf7\x53\x18\x74\xfd\x43\xf7\x3b\xfe\xeb"
	"\xf2\x6d\xbf\x7f\x7f\xd8\x81\xae\xbb\x3d\xbe\xc5\xb7\xa6\x2a\x0e"
	"\xff\x4a\xef\x4c\xd7\xcf\xe7\xaa\x5d\x59\xe7\x68\x00\x46\x20\x7a"
	"\x76\x06\x8b\xde\xe0\x04\xd3\x44\x0c\xcf\x82\xbc\x5c\x57\xb7\x65"
	"\x58\x86\x92\xb3\x5d\xe8\xc7\x7d\xb7\x8b\xa2\x8a\xa0\xf0\x84\x20"
	"\xf5\x54\x2f\x59\x2c\x62\xaa\x7c\x58\x3a\x7c\xed\x28\x23\x49\x7a"
	"\x97\x70\x77\xd4\x5c\xef\x96\x8d\xfb\x09\x29\xa1\xab\x57\xd6\xed"
	"\x15\x10\x18\x68\xb0\xd1\xbc\x56\x12\xee\xf0\x79\x98\x2f\x53\x63"
	"\x28\xb4\xc4\xa4\x41\x51\x25\x19\x0b\xba\x91\x66\xf2\x94\x9a\x2f"
	"\x04\x75\xd7\x2d\xec\x66\xa3\x30\xe1\x9d\xe0\xb5\xb3\x44\x1e\xf8"
	"\x1a\xae\x07\x4b\x5f\x3f\x15\xf6\x8b\x0e\x03\xfc\xf9\x22\x79\xd2"
	"\x7c\x2e\x4c\x25\x21\xf0\xb3\x24\x61\xbc\x9b\x90\x4f\x0d\x84\xb4"
	"\x40\x32\x25\x23\xdf\x92\x02\xa8\xd3\xa7\x4e\xa7\x6a\x5f\x81\x9b"
	"\x99\xac\xeb\x95\xce\x90\x12\x03\xb2\xc4\xd1\xc5\xed\x92\x43\x96"
	"\x27\xf7\x55\x0e\xc3\xb1\x77\xa4\x06\x0d\xc9\xf2\x7b\x39\xd2\xb5"
	"\xe8\xc6\xf3\xe6\x1c\xc6\x09\x7e\x27\x45\x63\x97\xaa\x00\x9f\x47"
	"\xcf\x5d\x50\x0b\xb8\xc3\x0d\x4f\x4a\xd0\xd7\x49\xe9\xd6\x5f\x23"
	"\x9b\x6d\x91\x27\xe4\xe3\xf2\x38\x81\x9f\x02\x59\x8c\xf8\x74\x63"
	"\x3c\x06\x09\x8b\x92\x57\x42\xd4\x2c\x26\xd2\xbe\xcc\xca\xa2\x35"
	"\x88\x50\x26\xee\x05\x1e\x37\x76\x20\xbf\xe1\x59\xaa\xd5\x41\x95"
	"\x0b\x0c\x85\x1a\x40\x9d\x63\xbd\x7a\x15\xea\xfd\x11\xfa\x65\x1e"
	"\xd6\x74\x93\x7a\x6f\xab\xd5\x0d\x99\x99\x08\xca\xce\xda\xe5\x09"
	"\xa6\x91\x8f\x11\xa0\x5d\xd3\xb2\x11\xf6\xbf\x46\x4a\xa9\x7c\x06"
	"\x74\x0e\xc8\x61\x35\x66\x6d\xf3\xa3\xee\x50\x0d\xaf\x7a\x06\xc7"
	"\x3f\xaa\xc9\x1e\x5a\x3e\xe9\x25\x01\x71\x4b\x88\x1f\xe4\xce\x3a"
	"\xb1\xfd\xec\x01\xe8\x88\x8d\xa3\x5d\x0c\xcb\xa0\x37\x3c\xd2\x78"
	"\x1d\xeb\xaa\xb7\x8b\x60\x3c\x27\xc7\x06\x66\x22\x41\xd5\xbb\x32"
	"\xb0\x27\x74\xcf\xea\x12\x16\xc4\x32\x6a\xf7\xaf\xa1\xc3\x9c\x5c"
	"\x14\x96\x82\x4d\x26\x9e\x85\x31\x03\xda\x73\x6e\x59\xe1\x47\x41"
	"\xb6\xd2\x26\x99\x52\xf5\xeb\xb8\x40\xa2\xd1\x24\x5b\xa1\xff\x24"
	"\x55\xb6\xf4\xa6\xd8\x62\x19\x8b\xb8\xc0\x54\x34\x6a\xd8\xf5\x8a"
	"\x93\x90\x98\xc7\x75\x7e\x11\xaa\x3c\x34\xf3\x84\xcf\x92\x8e\x15"
	"\x77\x96\x5c\xac\x88\x48\x1b\x18\xbc\x7b\x2e\x2f\xc2\x50\x52\xcc"
	"\xc4\xf9\xad\x0e\x84\x09\x5a\x16\x71\xdb\x3b\xb9\x8d\xae\x29\x7b"
	"\xf5\x2f\x5f\x68\xf7\x98\xae\x55\xfc\xa6\x30\x29\x97\x4a\x24\x61"
	"\xc8\x4d\xba\x07\x27\x52\xaf\x12\x39\x42\x40\x6b\x5c\x96\xa2\x96"
	"\x7d\x5e\xcf\x10\x9e\xf6\x2a\xf2\xe3\xf5\x26\xbb\xd1\xca\x91\x54"
	"\x89\xfa\x2e\x5d\xce\x0f\x6d\xbe\xa0\x37\x8b\x3e\x25\xba\xd7\xab"
	"\x65\x9c\xc3\xf6\x65\x51\xfa\x37\xb0\xa0\x61\x8a\x1f\x8b\x00\x2a"
	"\x48\x25\xa2\x78\x09\x4a\x68\x18\xe4\x63\x16\xd4\xdf\x6c\xab\xab"
	"\x08\x2e\x99\x66\xb4\x6a\xd1\x9d\x43\xfd\x6b\x8d\x28\xe8\x16\x58"
	"\x5c\xf2\x90\xa2\x06\x6f\xa6\xb6\x69\x98\xc1\xbd\xd2\xc2\x94\x55"
	"\x75\x78\x94\x50\x14\x04\x79\x47\xd4\x99\x6e\x5f\x0a\xb6\xda\x78"
	"\xc6\x42\x61\x08\x89\x28\xbd\xbc\xd9\x36\xf3\x89\xf2\x74\x95\x6a"
	"\xab\xd6\x87\x84\x2a\x45\x63\x25\xcb\x53\xe4\xd4\x6a\xb5\x0a\xbd"
	"\xc0\xd5\xfe\xb0\xf2\x93\x58\x11\x61\x76\xcc\x42\x1c\x39\xb9\x3e"
	"\x3c\x6e\xa3\x30\x6c\x92\xf9\x60\x1b\x38\x26\x4b\xf2\x75\x9f\x21"
	"\x55\xc0\x1d\x0c\xff\x90\xdd\x10\xbd\x55\xf3\xc1\xe8\x39\x1b\x5b"
	"\xa2\xe2\xab\xde\x53\xca\x33\x9d\x20\x9f\xc7\x3b\xa3\x2d\xe6\xd2"
	"\x68\xbe\x53\x9b\xf7\x89\xb8\xe4\x3a\xb4\xc8\xd0\x5c\xec\x09\x39"
	"\xf5\x60\x6c\xf8\xb0\xe9\xce\xef\x75\x0a\x1b\xd9\x59\xb0\x1a\x41"
	"\xd3\x91\x3b\x21\x24\xf8\xa7\xea\xe5\x9e\xca\x1f\xa5\xa4\x3d\x0a"
	"\xaa\xce\x16\xc2\x40\x78\x76\x77\xf8\x71\x78\xf9\x93\xda\x77\xd4"
	"\x8e\xff\x1b\xbf\x34\x3c\x19\x47\xbb\x67\xb3\xcc\xc3\xdb\xe6\x00"
	"\xa6\xfe\x73\xb4\x3a\x42\x41\x2f\xc7\xf6\x46\xa2\x16\x55\xab\x6c"
	"\x53\x13\x80\x81\x62\x0e\x42\xdc\x57\xb4\x82\x32\x5a\x20\xe3\xc0"
	"\xeb\x00\xd0\xdc\x14\x6c\x43\x88\x91\xc3\x42\x70\x46\xde\xcd\x84"
	"\x88\x37\xba\x2a\x5c\xc4\xc8\x2e\xb6\xed\x0c\x2a\x79\x80\x16\xa6"
	"\x09\xc3\x14\x7d\x6b\x73\x69\xea\xe6\x2d\x0c\xa1\x61\x88\xcf\xfc"
	"\x28\x1c\x42\xa9\x8a\xcc\x32\x1c\x27\xc9\x58\xef\xeb\x40\xdf\xb2"
	"\xf5\x2a\x65\x41\x1e\xae\xeb\x19\x41\x61\x56\xbc\x84\xe6\xf7\x9e"
	"\x5b\x29\xad\x1a\xbc\xdc\xf6\x0b\xa8\x5f\x65\x87\x5e\xb3\x73\x13"
	"\xfc\x5c\x6c\x07\x0a\xbd\xcd\x04\xf9\xc0\x32\x05\xb3\x9f\xb2\x8e"
	"\x61\x7c\x19\x75\x6a\x5d\x31\xb1\x1a\xc8\xac\x09\x4d\x47\x85\x7f"
	"\x9e\x1e\x8e\x2f\x4d\x16\x45\x03\xe3\x5a\x9d\x64\x81\x05\x7e\xa5"
	"\xa7\x26\xe9\x22\x90\x12\xa3\xe3\x30\xa3\x2e\x63\xf6\xca\x31\x91"
	"\x63\xaf\x86\xd4\x01\x38\xa0\x6d\xd3\x58\xf8\x43\xc8\xbc\xf0\xe6"
	"\xb3\x31\x1b\x82\x88\xd4\x75\xbb\x71\x71\x5d\x79\xc3\xbe\xaf\xa9"
	"\x7c\xd8\xbe\x98\xce\xe9\xba\x38\xf8\xb3\x36\xba\xcd\x4a\x0e\x83"
	"\x48\x6a\x1e\x53\x12\x50\xd3\x66\x90\x72\xd1\xe4\xc4\x1d\x42\x18"
	"\x0a\xf9\xa4\x77\xbe\x3d\xe4\x9d\x4f\x64\x4c\x64\xc1\x5d\x32\x86"
	"\xdd\x3b\x06\xaa\x0e\xc9\xa9\x73\xa6\x45\xca\x6c\xc2\x3d\x1f\x44"
	"\x8e\x43\x89\x7c\xdb\xb5\x54\x76\x30\xb3\xf3\x2b\xa3\x48\xd4\x03"
	"\x36\x26\x42\x50\x83\x94\xe5\x01\xe1\x31\xa3\x64\x73\x5a\x46\xb8"
	"\x9b\xca\xd7\x9e\x67\xc8\x17\xad\x5a\x6b\x60\x0f\xee\xbe\xc0\xa2"
	"\xc6\x8d\xd1\x59\xd4\xec\xdd\x7a\x27\x82\x39\x21\xf1\xbf\xdc\xd8"
	"\x96\x6d\x3e\xd0\x4d\xfd\xb1\x33\xa6\xe8\xef\xd8\x6c\xe2\xd2\x6f"
	"\xb1\x91\xd3\xc4\x7d\x6c\x46\xba\x88\xa4\xcc\x9b\x10\x71\x08\x20"
	"\x9b\xbb\xae\x3d\x20\x23\x1e\xe5\xce\x9f\x58\x44\x4c\x3b\xc8\xc0"
	"\xba\x25\x7c\x1b\x7c\x36\xb6\x08\x4e\x09\x51\xdc\x78\x63\xdb\x21"
	"\x65\x0b\xe6\xfe\x4f\x01\x2a\xce\x94\x0c\x35\x71\xe6\x36\x2d\xf2"
	"\x28\xd1\x64\x46\x47\xbc\xd0\x75\xcd\xe8\xba\x66\xf3\x31\x19\x27"
	"\xe3\xcd\x28\xd1\xdc\x21\xef\x9a\x13\x1c\x60\xbe\xf4\xeb\xb6\x71"
	"\xe1\x30\xab\xeb\xf5\x26\x4c\x32\xde\xb0\xf1\x66\x54\xd2\x78\x6f"
	"\x42\xc4\x53\x47\x77\x33\x62\x92\xc7\x6b\xe6\xdc\xdd\x91\x35\x27"
	"\x85\xef\x4c\x66\x36\x2d\xa3\xd8\xdf\x50\x46\xa4\xb6\x80\x55\xce"
	"\xa6\x68\x24\x50\x66\x53\x8c\xb3\x4a\xe8\x91\x32\x8a\xfb\x03\xdd"
	"\x16\xa7\xc4\xf3\xa7\x3e\x1f\x3b\x04\x0d\x0c\xca\x26\x04\x09\xca"
	"\x9a\x95\x33\xcf\xb8\x76\xca\x15\x7a\x83\x36\x40\x6f\x53\x71\x5e"
	"\xbb\x41\xea\xf6\x76\x2a\x05\xf5\x12\xd4\x99\x66\x3e\x28\x96\xc5"
	"\xc6\xd7\x21\x1b\x0a\x22\x02\x69\xb7\xa4\x59\x30\x40\xca\x57\xc8"
	"\xa6\x5b\x9e\xed\x0f\x8a\x89\x78\xa8\x46\x3c\x11\x16\x41\x8d\xa8"
	"\x10\xb6\x63\x8f\xbd\x21\xb9\xe5\x09\xdb\x72\x06\x4b\xf0\x84\xe5"
	"\x0e\x22\xa6\xb6\x98\x12\xdc\x35\x12\x01\x35\x10\xee\x73\x4a\x3c"
	"\x9b\x13\x91\x4d\x4a\xec\x4d\x3d\xf2\x11\x8a\xc4\x9f\xb8\x44\x66"
	"\xd0\xcd\x72\x6a\x5b\xfa\x74\x24\x54\x2b\x12\x62\x34\xbf\xc3\xe5"
	"\x9d\x02\x74\x14\x6e\xfb\xce\xe5\xdb\xf1\xe5\x34\x0a\x5f\x1e\x3b"
	"\x9a\x18\x17\xd9\x3c\xc4\x63\xa9\x7e\x2e\x27\xf6\xfc\xfa\xe3\xf0"
	"\xfb\xa1\xa7\xbb\xbd\xf1\xd4\x10\xa6\xf7\xb4\x7f\x96\x49\x9f\x14"
	"\x19\x40\xf7\x96\x22\x61\xa2\xe2\x51\x1d\xfe\x4f\xd8\x30\xe1\x94"
	"\xb0\x51\x7c\x5f\x78\x94\xfe\x62\xb7\xe4\x46\x76\xf3\xd5\x9b\xf7"
	"\x09\x15\xa3\xc3\x63\xc3\x57\x80\xb1\x9b\xca\x8d\xba\xe9\x2a\x21"
	"\x78\x23\x3c\x0b\xba\xf6\x08\x6e\xc2\xe5\x43\x44\x65\xff\x0b\x9a"
	"\x7f\xfc\x78\x69\xf7\x7c\x30\xfc\x76\xda\x01\x7e\x16\x11\xad\x0f"
	"\xa2\xf1\xd4\x22\x45\x64\x28\xa7\x3b\x71\x6c\x52\x34\x99\xd2\x22"
	"\xca\xae\x75\xdd\xb9\x93\xd3\xb2\x31\x2d\xb3\xc8\x27\x9b\x3a\x93"
	"\x9c\x34\xa2\x70\x0d\x99\x92\xa1\x95\xee\xd4\x9b\x92\xb7\xa2\x78"
	"\x3e\x1d\x30\xc2\xdd\x19\x61\x11\x49\x91\x47\x8a\xa6\x36\x2d\x22"
	"\x9f\x72\xc0\xc4\x18\x93\x21\xc0\x9e\x47\xec\x3f\x02\x9e\x15\x48"
	"\xbe\x6a\x16\x8a\xc9\x84\x88\x4c\x4f\xa7\xce\x98\xe8\x4d\x58\x20"
	"\x5d\x9b\x5c\x90\x5d\xcf\x21\xd7\xce\xc9\x8c\xf0\x95\x47\xd9\xdc"
	"\x21\x35\x30\xb4\xdf\xf2\x1c\x92\x3c\x56\x21\x5c\x77\x36\xa4\x24"
	"\xb5\x3e\x38\x47\x63\x3f\x7e\x3c\x3f\xff\xac\xcf\xa0\x9a\x89\xb8"
	"\x7c\xdb\xff\xdf\xc7\xfe\xe5\xe1\xe7\x39\x88\xf7\xbf\xc8\x8d\x1a"
	"\x04\xe2\x57\x9e\x24\x0d\x4a\x39\x93\x49\xe7\x9f\xdd\xe9\xf8\xf6"
	"\x6b\x70\x78\x3f\xbd\x1d\xbe\x7d\x60\x38\x94\x16\xf3\xab\x31\x96"
	"\x29\x66\xa0\xa7\xdd\xfb\xfe\x9f\x09\x94\xb1\x7f\x1c\x25\xc7\xe3"
	"\xeb\xe8\x6f\x50\xf8\xdf\x47\xbf\x9f\x2b\x7f\x6f\x55\xde\x2d\x70"
	"\x09\xa6\x9b\x65\x08\x40\x56\xfa\xe3\xfb\xcf\xb7\xe3\xfb\xc3\xf1"
	"\x75\x0f\xa2\xbe\x72\x95\x1b\x52\x8b\xd4\x04\x28\xa5\x28\xc4\x1a"
	"\xe9\x74\x68\xab\x4b\xaa\x9f\xbb\x5c\x4c\x5c\x6a\x47\xba\xb2\xa9"
	"\x0d\x10\x2f\xc7\x96\x6b\x91\xb3\xb3\xde\xf6\xad\xee\xf3\x6c\x60"
	"\xd7\x17\x17\x2b\x30\xdc\xfa\x5d\x16\xed\x77\x3f\x4e\x4f\xad\x45"
	"\xa8\xb9\xfa\x76\x1a\xe5\x2a\x49\xc8\xcb\xe1\xa4\x77\xe1\x32\x9c"
	"\x4c\xa8\xa9\x28\x65\x13\x6a\x76\x8c\xad\x01\x73\x15\x85\x7d\x06"
	"\xa9\xe8\xe3\xf9\xf0\x78\x38\xfd\x34\xbe\xcc\xd4\x19\x13\x76\x47"
	"\x10\x15\xc4\x22\x18\xa1\x4d\x44\x18\xb1\x51\x21\x1c\x62\xfe\x46"
	"\x45\x49\x48\x44\x3c\xa3\xb6\x93\x28\x72\xfa\xdd\x1e\xc3\x9c\x39"
	"\x21\xf5\xf0\xf3\x7e\xf7\xfe\xf1\xb6\x7f\xde\x83\xad\xf1\x01\x3d"
	"\x6d\x18\xaa\x13\x6b\x68\x30\x4e\xc8\xe3\x8f\x18\x46\x14\x39\x6a"
	"\x6a\x31\xb5\x22\xdc\xa4\x77\x53\x6a\x07\xb4\xc1\x21\x39\x1d\x1c"
	"\x92\x2d\x0c\x55\x43\x3d\x6c\x13\x91\x4e\x03\x61\xe0\x71\x3e\x7c"
	"\x7f\x3a\x99\xa7\xef\x97\xa0\x12\xd4\x21\x0c\x4b\x40\x69\x13\x14"
	"\x81\x8c\x07\x62\x4e\x31\xf8\x4b\x21\x15\xdf\xb1\x88\x6c\x2a\x30"
	"\x1f\x45\x94\x19\x96\x8e\x1d\x9b\xe0\x99\x43\x19\xb1\xba\x80\x68"
	"\x4c\xec\x89\x41\x34\x25\xc6\x19\x8a\xa6\xc4\x51\xc8\x8a\x3b\x8c"
	"\xc3\x28\x64\x96\xb5\x24\xb2\x8f\xa0\x85\x86\xbc\xda\x89\x33\xb7"
	"\x88\x2d\x63\x17\x44\x10\xde\x4b\xa1\x4d\x2c\x72\x5f\x04\x83\xbd"
	"\x0a\x41\x2c\xc6\x73\x8b\x64\x80\x2f\x72\x92\xbc\x7d\x03\x2a\x63"
	"\xe2\x0b\x4a\xa3\x80\x2a\x22\x5e\x78\xc6\x0b\x18\x0b\xe6\x52\x39"
	"\xb4\xd3\xb1\x48\xb1\x88\x6d\x7b\x3c\x26\x45\x54\x60\x4c\x71\x33"
	"\x1e\xdb\xd4\xe1\x51\x55\x6e\x62\x41\xf4\x5b\xe1\x8b\xf1\x84\x08"
	"\xfe\x93\x32\x82\xc2\xb4\x79\x63\x05\xbc\x14\x8a\xc4\x53\xca\x3c"
	"\x5a\x36\x23\xca\x06\xd9\xc4\x1d\x53\x59\xcf\x5c\xdb\x73\xcc\x5e"
	"\x7f\x1b\x7f\x9d\x90\xef\x64\x13\xa6\xc9\xd4\x22\x82\x13\x37\xc9"
	"\x94\x3a\xea\xfd\x0a\x2f\xd3\x71\x0c\x64\x6b\xe9\xee\xfb\xcb\xfe"
	"\xa4\xce\xac\x8d\xca\xe4\x86\x0c\xc8\x92\x22\xc2\xe8\xbd\xb1\xe6"
	"\x73\x42\x01\xd5\x47\xcb\x29\x5b\xad\x07\x74\xef\x05\x43\x1e\x89"
	"\xb2\xd5\xd8\xa6\x33\x99\x8c\x5d\x8d\xef\x46\xd7\xab\xb2\x70\xda"
	"\x1c\x68\x86\x46\x94\xfa\xae\x37\x19\x93\x4d\xd5\x71\x5a\x73\x55"
	"\x27\x5f\xf2\x94\xf5\xb6\xca\xda\x67\xdf\x7a\xed\x7b\xf8\x71\x78"
	"\xe9\xbd\x94\x8e\x05\xf7\x7a\x3c\xc1\x8a\x78\x30\x7e\x6d\x70\xa9"
	"\x04\xa8\x81\xb0\x3d\x8b\x3c\xd3\x72\x27\x84\x2e\x56\xb2\x19\x69"
	"\x97\x53\x0a\x11\x65\xf6\x98\xb6\xf5\xa9\xe9\x51\xf0\xc4\x68\xe7"
	"\xe8\xcf\xfe\x7e\xda\x75\xcd\x81\x24\xe5\x73\xdb\x32\x18\x71\xfc"
	"\x6d\xff\x8e\x56\x84\x71\x88\x2f\xb8\x35\xb5\xd2\x15\x31\x12\x39"
	"\xf5\xa1\x23\xe2\x54\x57\xf2\xc4\xb6\x07\xce\xfa\x95\x98\x1c\xd7"
	"\x3c\x81\x71\x4d\x05\x5a\xba\xe4\xb9\x23\x88\xc6\xb3\xa1\x01\x2f"
	"\x53\xcc\x9b\xfb\xdb\xa5\x6c\xd5\x88\x3b\xd6\xd4\xfc\x18\x5f\x39"
	"\x83\x05\x7a\x6a\xb6\x4b\x5e\x90\x0a\xc2\xd4\xd7\x62\x3c\xef\x1e"
	"\x29\xd7\xaf\xe7\xf8\xe7\xe1\x19\x2d\x58\x75\x04\xf5\xae\xc8\x99"
	"\x0c\x05\xf8\x91\x6d\xd9\xb4\x59\x85\x8b\x2b\xb9\x12\xc6\x01\xcb"
	"\xd1\xa9\x36\xa4\xa8\x0a\xf3\x25\xd2\x36\x11\x07\x81\x22\x5f\x12"
	"\x46\xbb\xb8\x83\x3a\x2d\xf2\x26\xef\x7f\xa4\x4a\xb2\x4d\xbb\x92"
	"\x62\xff\xfc\x8a\x9b\x4a\x6a\x4c\x07\x62\x06\xd6\x42\x55\x04\x37"
	"\x15\xa6\xf9\x4d\x63\x41\x1d\xc1\xc2\xe4\x8e\x53\x05\xca\xfc\xac"
	"\xe4\x44\x48\x7f\x9a\xdc\xcd\xad\x29\xb1\xc6\x2a\x21\x75\x4a\x9b"
	"\x72\x8b\xf8\xea\x27\x45\x33\x62\xf9\xbc\x17\xc4\x8b\x94\x22\x62"
	"\xf5\x5c\x17\x66\x0a\xb7\x4d\x1a\xea\xe9\xec\xce\xa9\xdf\xd2\x76"
	"\x1e\xb8\xb4\x9f\xc9\x00\x2f\x62\xc0\xd5\xb2\x30\xbb\xbc\xa2\x5c"
	"\x66\xb7\xf1\x5c\x73\xf9\xca\x05\x8b\xaf\xf4\x42\x75\xd6\x7f\xa5"
	"\xfc\xf3\xdb\xd1\xc3\xd3\xe1\xb5\xc5\x98\xd7\x8c\xee\xfc\xd6\x8f"
	"\x62\xde\x75\x59\x58\xb5\x9d\x37\xeb\x0b\xf8\x4e\xab\x75\xfe\x9b"
	"\xad\x5f\xdf\x38\x69\x1f\xbc\x19\x9b\xae\xc1\x7e\x58\x50\xd7\x91"
	"\x18\x50\x8f\x74\xa9\xa5\xcc\x27\x69\x02\x44\x94\x6d\xeb\x84\x78"
	"\x5d\x57\x43\xce\xf2\x22\x2e\x24\x2d\x54\x98\xfb\xbc\xd4\x3e\x70"
	"\xf0\xa0\xef\x20\x99\x12\x8e\xd4\x31\x67\xfe\x0d\xf1\xa2\xa1\x6a"
	"\xe9\x50\xb7\x2e\xf2\x2c\x49\xba\xbe\xbb\x4a\xa6\x7c\x52\x32\x42"
	"\x4b\x2a\x8c\xf2\x31\xa4\x72\xd8\x2c\xd3\xfe\x11\x12\x8f\xee\x47"
	"\xe2\xe3\xdb\xbb\x8c\xc5\xb8\xbc\xcd\xda\xf3\xb6\x52\x89\x3b\x2f"
	"\xe3\x22\xba\x1f\x48\x29\xb1\xf0\xeb\x80\x81\x52\x2c\x1c\xc4\x9a"
	"\x07\x24\x94\xc1\xef\x58\xe5\x78\xeb\xb4\x8a\x04\x41\x59\xd9\x41"
	"\x61\x79\x24\xca\x87\xd1\xcd\x49\xc2\x45\x44\x60\x2c\x51\x94\xad"
	"\x43\xe4\x0a\x98\x4e\x09\x65\x88\xc0\xda\xf7\xf7\xd6\xb3\xa6\x93"
	"\x4a\xb0\x82\x0d\x23\x63\x89\xbc\xfb\x04\xf2\x96\x70\x36\xbe\x00"
	"\xf4\x47\xd4\x01\xa5\x36\xeb\xd1\x89\xcb\x27\xb8\xd1\x52\xbf\x7f"
	"\x56\xcf\xf7\x6f\x48\xe3\x2d\x57\xae\x67\x75\x26\x64\x62\xbd\xc4"
	"\xc9\xe2\x63\xca\xc2\xb4\x24\x03\xb9\x7c\xdf\x14\x83\x81\x12\xde"
	"\x8f\x31\x0b\x44\x49\x16\xa6\x42\x3b\x1c\xe5\x46\x6a\xa6\x00\x6d"
	"\x45\x7f\x18\xe2\xd7\x78\xa8\x97\xdd\xcc\x06\x26\x1a\x37\xa6\x3e"
	"\x47\x9e\x62\xc4\x6b\xa9\x8f\x9a\x22\x6f\x11\x4b\xae\xb6\x4e\x4c"
	"\x65\x57\xd6\x4e\x07\xa2\xdd\xd5\x50\x32\xff\xf2\xed\x80\xb9\x7a"
	"\xfe\xf1\xf4\x9f\xfa\x97\x7f\xbf\x3c\xaa\xdf\x7e\xe9\x93\xf2\x5d"
	"\x6a\x34\x86\xd9\x35\x2b\x4a\x8e\xb9\x5e\x57\xbc\xac\xb4\xa8\x8e"
	"\x24\x5e\xac\x37\x41\x9c\xa6\x84\xab\x8b\x29\x73\x4d\x93\x02\xe5"
	"\xb2\x26\x6d\xa4\x5b\x2b\x2e\x2b\x64\x90\xca\x92\xe7\x6d\x9f\xec"
	"\xfa\x16\xfc\xc0\x2a\x02\x76\x0e\x4e\x8e\xb6\xa3\xd3\xdb\xee\x41"
	"\x1a\x57\xfa\xea\x20\x8a\xb4\xcb\x6f\x97\x62\x48\x48\x7a\x4f\x6c"
	"\xa7\xa1\xf4\xac\x44\x77\x74\xb8\x22\x32\x62\xd1\x6f\xc1\x86\x33"
	"\x43\x29\x8e\xe8\xc2\x4c\xa0\x85\x64\x78\x04\xed\x34\x91\x0f\x3a"
	"\x0c\xcd\x4e\x9d\x19\xef\x38\xdc\x89\x38\x33\xbd\x00\x91\xc4\x29"
	"\x2c\x01\x1d\xa4\xba\xa4\x7c\xc7\xb5\xb0\x14\x03\x64\xbd\xea\x84"
	"\x34\x84\x66\x66\xc7\x05\x2b\x60\x4e\xdd\x37\x0c\x8f\x97\xb7\xa7"
	"\x09\xb4\x80\x01\x5d\x9a\x46\xe2\x7a\xe1\x30\xd6\x0a\x56\x75\xf8"
	"\xcb\xaa\x6f\xbb\x13\xd8\x8b\x3f\xab\xc7\xdd\x69\xf7\xaf\xa7\x5f"
	"\x2e\x0f\x92\xc9\x3c\x8e\xb9\xe4\xce\xf3\xcb\x3c\x47\x1f\x77\x51"
	"\xc0\x94\x60\x79\x20\x5d\xc4\xdb\xf6\x74\x8d\xdb\x7c\xdd\xc2\x25"
	"\x24\x4a\x1c\x6a\xcc\x36\x4c\x12\x8d\x8e\x57\x97\xc9\x79\x86\x51"
	"\xfb\x4d\xd1\x26\xce\x22\x96\xf8\xd2\xeb\xbe\x2a\xb2\x6a\x59\x26"
	"\x9d\xb8\xae\xb4\x4c\xd0\x59\x9a\xbe\x5b\x14\x21\x3f\xcb\x5b\xd9"
	"\xa8\x94\xfb\x36\x16\x57\x2d\xee\xd1\xab\xb8\xe5\xbb\x19\xe7\x98"
	"\x72\xb9\x75\xd3\xe5\x2c\x86\x43\xd7\x86\xe7\xc7\x08\xb4\x95\xe6"
	"\x7c\x68\xef\xcb\xae\x6c\xec\x07\xac\xa1\x08\xdb\xa1\xe0\x4d\x01"
	"\x7e\x2c\x3a\x83\x67\x0b\x55\x27\xa1\x64\x7f\xa0\xe6\x47\x19\x26"
	"\x2b\x56\xae\xc2\x2a\x2f\x5c\x8b\x38\x37\xbb\x80\x44\xea\xce\xac"
	"\xcf\x80\x1c\x13\x6d\xff\x05\x02\x46\xe2\x6c\x06\xbb\x84\x0e\x61"
	"\x14\x76\x10\xe8\xcb\x46\x56\x65\x05\x2a\xc1\x34\x36\xa6\x2b\x6e"
	"\x40\x7e\x14\xa2\xd5\xe5\x88\x6c\x93\x77\x6c\xb5\x4b\x65\xb4\x2a"
	"\x6a\xb5\xb9\xf0\x61\xe7\x3b\xbb\x82\x42\xc7\x9c\x99\x45\x24\x68"
	"\xe8\xc1\xbc\x4f\xc1\x28\x4e\xd9\x6e\x5f\x79\xce\xf8\x53\xb0\xf1"
	"\xe7\x60\xee\xe4\x53\xb0\xc9\xe7\x4a\x23\x3e\xb3\xb7\x7a\xd7\x49"
	"\x4b\x8b\x18\x37\x3c\x57\x81\x30\xe8\x89\xff\x85\x0a\xdb\xd2\x46"
	"\x20\x71\xca\x5e\x0f\x20\xfa\x7d\x37\x08\x91\x2e\xa8\xa4\xb0\x6d"
	"\x88\x3b\x0c\x59\xdc\x3a\x13\xdb\x9d\x5d\xc7\x10\x9f\xcc\xdb\x18"
	"\xea\xbb\x64\x0b\xe3\x7a\x73\x4f\x0c\x82\x06\x47\x4a\x17\x34\x1e"
	"\x06\x0d\x28\x83\x4b\x07\xb9\x13\xfb\x5a\x1f\xea\xda\x82\x98\xea"
	"\x26\x35\x10\xb0\xb9\xed\xba\xd7\xde\x91\xad\x91\xf3\x69\x08\xdc"
	"\x1a\x4f\xa6\xde\x45\x53\x9e\x35\x62\x83\x88\xe2\x55\x54\x6d\xb2"
	"\xa4\x60\xdd\x68\x20\x1e\x5c\x20\x1b\x5c\x52\xf4\x60\x38\xf3\xd3"
	"\xba\x04\xdb\x6d\x5d\xeb\x3a\x83\xd2\xcc\xa5\x08\x58\x1c\xab\x2f"
	"\x7c\x6d\x58\x09\xfb\xe5\x5c\x86\x85\x6b\x53\x5f\x44\x7b\x60\x3e"
	"\xa7\x5c\xae\x7b\x50\x98\xb0\xf1\x96\x98\xb0\x3d\x70\x0a\xeb\x93"
	"\xba\x61\xf2\xe9\x1b\x3e\x07\x8c\x58\x72\x1d\x8c\xfb\x58\xcc\xa1"
	"\x32\x8c\x5a\xc6\x79\xba\xc5\xe0\x2e\xb5\xe6\x52\xcb\x6c\xd3\xc2"
	"\x2c\xe8\xa6\x9b\x68\x88\xb4\xc1\x10\x44\xd9\x70\x5d\xc5\x1d\x0d"
	"\x6a\x4a\x6a\x96\xec\x70\xbd\xaa\x48\x02\x0e\x1d\xbc\x64\xe8\x30"
	"\x6b\xd6\x6d\xf5\x10\xad\x84\xa4\xdd\x64\x9c\xf9\x71\x81\x9b\x63"
	"\xa3\x95\x1a\x67\x17\x2b\x46\xad\xb1\x8d\xb1\xf6\x9b\xd5\x76\xd5"
	"\xad\xb2\x8c\x13\x99\x23\x04\xec\xce\xb2\x15\x41\x0e\xc1\xfc\xa8"
	"\xba\xc1\x60\x57\x96\x63\xf0\x48\xb5\xcd\x09\x1b\x1f\xa3\x6d\xe9"
	"\xbe\xda\x7e\xc6\xa0\x6b\x3a\x07\x26\x30\x46\xb9\x86\xbe\xc6\x0e"
	"\x13\xb6\x3a\x70\x68\x72\xdd\x46\x15\x4b\x56\x59\x1e\x17\x51\x3a"
	"\x50\x4d\x3f\x40\xba\xee\xbf\xa6\x3b\x83\x32\x97\xc6\x2f\x6b\x73"
	"\x4d\xd6\x06\x22\xcc\xf1\x94\x5d\xa0\x8b\x10\x1b\x2c\x43\x53\x14"
	"\xae\xcc\xdb\xf9\x83\x25\x33\x4d\x21\xfb\x27\x69\x9a\x6e\x34\xef"
	"\xce\x83\x7b\x6a\xd6\x3f\x68\x49\x61\x90\x5d\x63\x90\x83\x01\xe9"
	"\x47\xd0\x02\xa2\xd7\xe3\xc2\x8f\xa4\x35\xed\x30\x91\x50\x9e\x5b"
	"\x98\x40\xa8\xee\x93\xab\x80\xca\x07\xfb\x5c\x7e\xae\x8a\x89\x30"
	"\x3e\x30\x5c\x17\xad\x8d\x83\x32\x74\x4d\x1b\xb1\xda\x5a\xa8\xbb"
	"\x6c\x2d\x1f\x0b\xf6\x87\x9d\x7e\x81\xf9\xe7\x0e\xeb\xec\x66\xb2"
	"\xa0\xea\x22\x8e\xa8\x94\x61\x59\xae\xd1\x74\x06\x05\xf3\xff\x9d"
	"\x5d\x5b\x73\xdc\xb6\x92\xfe\x2b\x2a\x3d\xed\x56\xad\x13\x69\x74"
	"\x3f\x55\x7e\xe0\x75\x86\x19\xde\x44\x90\x33\x23\xbd\xb0\x14\x79"
	"\x62\x6b\x63\x49\x2e\x49\xae\x93\x9c\x5f\xbf\xe8\x06\x41\xe2\xd6"
	"\xe0\x64\xab\x12\xdb\x83\xfe\x00\xe2\x8e\x46\x77\xa3\xdb\x2d\xf2"
	"\xe5\x5f\x5a\xf2\x39\xde\xd7\xab\x82\x1f\x22\x5d\x4b\x5e\xf0\x06"
	"\x4d\x1d\x53\xbd\x95\x0e\x89\x4a\xc2\xe0\x27\x99\xa3\xf8\xfd\xbb"
	"\xd3\x5f\x44\x0e\x05\xec\x6e\x28\x0b\x4a\x15\x72\x76\x08\x04\x5e"
	"\xf5\x2f\x66\x71\x97\x88\xf3\xc2\xd2\x6d\xcf\x07\x25\x26\x84\xfc"
	"\x76\x61\x84\x76\x7e\x68\x3d\x38\x90\x6b\x57\x0d\x44\x8d\xce\xf1"
	"\x10\x2e\x97\x89\xa7\x4b\x83\x9b\xcb\xf6\x6c\x77\x69\x75\xab\x24"
	"\xf4\x8b\x68\xe5\xea\x49\x49\x9e\x6b\x9c\x82\x83\xa2\xe6\x6b\xc2"
	"\x97\x65\x9a\xd1\xd5\x01\xea\x5c\x9d\x50\xdc\xeb\xa9\xd5\x08\xcc"
	"\xe3\x4a\xbc\x59\x3e\xa8\x09\xfc\x38\xcd\xc7\xfd\xeb\xa0\x1c\x51"
	"\x13\x89\x85\x70\x40\xb3\x43\xf4\x67\xc7\x82\x06\xc3\x23\x90\xcd"
	"\xbb\xbc\xc8\xd2\x03\x4a\xeb\x4a\x39\x1f\xf8\xe6\xe5\xeb\x2b\xe1"
	"\xd8\x80\x4f\x41\xfb\x60\xb7\xf2\x6c\xf2\x8b\xb3\xfc\xe2\x00\xc8"
	"\x38\x19\xbb\x80\x50\x95\x12\xf8\x75\xd2\x94\x10\xb1\x0c\x24\x9e"
	"\xfc\xb4\xa6\xaa\xc3\xd7\x77\x5e\x67\xc3\x0b\x68\xda\xb1\x16\x02"
	"\x87\x0f\x25\xe8\x64\x82\x46\x0e\x8b\x6c\x9d\xf1\x93\x1d\xf7\xb6"
	"\xb9\x49\xc4\xfa\x55\x53\x78\x6c\xd8\x25\x8a\xb3\x10\xd7\x97\x37"
	"\xa7\xfe\x6e\x43\x4b\x17\x42\x9d\x36\xd6\x2d\x5d\x5d\x19\xcf\x29"
	"\x34\x67\x44\x4b\x66\x3a\x67\x1e\xde\xe8\x4a\xdf\x6a\x4b\xd8\xec"
	"\xcb\xaa\xf9\x7c\xfc\xfc\xfe\xfc\xe9\xe1\xcb\xdb\xfe\xe5\xf5\xd3"
	"\xc7\x7f\x8e\xad\x62\x4c\x87\x6a\x60\x55\xcf\x20\x5e\xfc\x50\xa2"
	"\x1e\xac\x1e\x63\x88\x83\x46\x64\x79\x37\x9c\xb5\x71\xeb\x09\xa6"
	"\x52\x37\x55\xdc\x45\xe8\x43\xa1\x76\xf1\x88\xf0\xc4\x1a\x1e\x6a"
	"\x52\xfe\x4f\xf9\x98\x86\xcc\xe5\x03\x04\xe3\x16\x9a\xf2\x3c\x80"
	"\x1b\x6e\xd1\x20\x49\x46\x0d\xd4\x8a\x2d\x2c\x3e\xd8\xcc\xc1\x39"
	"\xbf\xfb\xe4\xf3\xc9\x5f\x81\xe1\xa7\x01\x00\x9b\x96\x51\x2e\x09"
	"\x71\x1e\xde\xb1\xae\x36\xbf\x38\x30\xa4\x62\xbe\xd7\x15\xd3\xb7"
	"\x15\x05\x98\xec\x5a\x33\x7a\x43\xfa\xf0\xf8\xf1\xfa\xf6\xf7\x51"
	"\xba\x47\x55\xb2\x19\xa1\xc1\xc1\xeb\x6a\xd9\xe3\xfd\xef\x3f\xbf"
	"\x62\xa4\xaa\xa9\x00\x25\x7b\x0e\x8e\x4e\xba\x54\xef\xb5\x21\x11"
	"\xae\x61\x83\xe8\xd9\x6c\x90\x44\x38\x24\xd3\x06\x2a\x07\x87\x81"
	"\x6b\xcd\x3d\x9c\x24\x09\xb6\x56\x05\x58\xdf\x18\x20\xfc\x3a\x01"
	"\x08\x7a\xf1\x23\x4c\xb8\x90\xaa\xca\x2a\x4d\xc1\xc1\x66\xeb\x7e"
	"\xb3\x3c\xce\x94\x21\x08\x8e\xe1\x16\xc3\x41\x06\x9d\x27\xf8\x2a"
	"\x23\x3f\x6f\xe2\xc1\xef\xca\x66\x31\x03\x07\xc7\x71\x1c\x3c\x83"
	"\x8a\xa3\x0d\x3b\x00\x26\x9a\x3e\x8f\x9b\x04\x44\x06\xd6\x6e\x4d"
	"\x57\x14\x81\xed\x6e\x42\x23\x0e\x51\xeb\x66\xbe\x09\xb2\xee\x03"
	"\x6a\x86\xe7\x53\xd2\x34\x15\xb5\x36\x70\xc3\x10\x1a\x5e\xb9\xd2"
	"\xb5\x72\x4c\xba\x6f\x95\xf2\x11\xcd\xea\x55\xd2\x04\xb9\x74\x16"
	"\x15\xad\xcc\xe8\x31\xac\x91\x0d\xe0\xbc\x74\x3e\x00\x5c\x7d\xbf"
	"\x8d\x5b\x6f\x57\xa2\xdb\xaf\x36\x60\x6b\x90\xf0\x47\x6b\xc7\xa6"
	"\x85\xfe\xdb\x41\x73\xc0\x77\x88\xb4\x72\x7f\x26\xae\x3a\x94\x9d"
	"\x37\x09\x7d\x5a\x62\x11\x79\x12\xac\x49\x7f\x6b\xc3\xc1\x0b\xfb"
	"\x77\x5f\x26\x18\x17\xca\xd1\x95\x2c\xe7\x5c\x9c\xff\xbc\x8d\xe0"
	"\x4d\x14\x6c\x96\x6d\x42\x7e\x4c\x69\x1f\x3c\x31\x1c\x5b\xa7\x6e"
	"\xf1\x55\xd5\x82\xa7\x06\x3d\xb5\xac\x92\xbb\xc4\x06\x0b\x37\x76"
	"\xe0\xc4\x00\x02\x65\x80\x83\x26\xf6\xf9\x6a\x52\xbd\x2e\x2b\xa6"
	"\xe3\xc1\x5d\x82\x31\xa8\x9a\xab\x48\x99\x32\xb0\xe5\xa7\x32\x9c"
	"\xca\xe7\x0b\xbb\x05\x41\x5d\x33\x74\xec\xce\xa7\xf2\xa0\x9f\xd0"
	"\xf6\xd9\xcd\xef\x3f\xdf\x8f\xca\xd7\x0f\x7c\x3b\xe7\xf2\x86\xa2"
	"\x47\x2b\x12\x1d\x42\xf4\xd9\x6d\x97\x30\xa3\x47\x30\xa9\xef\x12"
	"\x9d\x65\x56\xd3\xf9\xd1\xbc\x02\x7f\x27\x85\x70\xa8\xa3\x0d\x96"
	"\x82\xea\x98\x67\xc1\x0a\x1c\xba\x0c\x8a\x82\xd2\xc2\x4e\x96\x4b"
	"\xb5\x3c\x77\x94\xeb\x3d\x1a\xc1\x57\x0a\x61\xe2\x1d\x90\x94\xbb"
	"\xce\x2a\xcd\x1a\xf5\xda\x95\x79\xbc\xef\x04\x60\x07\x08\x51\x72"
	"\xdc\x22\xac\xbc\x66\x8b\xc5\x6a\xe5\x15\xfe\xb4\x45\x7c\x7e\x73"
	"\xb2\xf3\x63\x38\x8b\x76\x75\x72\xea\xc5\xa0\x19\xf4\xd9\x0c\x46"
	"\xde\x52\x01\x0b\x6f\x97\x0e\x01\xaf\xb2\x38\x4e\xca\x7e\x45\x6a"
	"\x7b\x6d\x9c\x79\x33\x1b\x55\x8c\x9c\x71\x2e\x2a\xcd\x81\xdd\xd8"
	"\x95\x90\xac\x4a\x68\xec\xce\xae\xc2\x84\x10\x15\x4a\x08\x04\xee"
	"\x19\x8f\x5c\x10\xe3\x78\xd1\x61\x03\x7c\x65\x29\x84\xbb\xfc\xbb"
	"\x22\x2e\x5c\x8e\xcc\xa6\x8f\xb9\x1e\xb2\xc7\x31\x78\xc8\xab\x9b"
	"\x7f\x98\x0b\x64\x2b\xff\xbf\xac\x22\x62\x5d\x1d\xc0\x66\xb9\xcd"
	"\xda\xd5\xe1\x39\x45\x4b\xe1\x21\x78\xcd\xc1\x01\x1a\x4d\xe5\x84"
	"\xe3\x28\xad\xa2\x97\xa6\xa1\xb3\x0b\x54\xd5\xad\x6a\x4d\x26\x69"
	"\x32\x54\xb5\x24\x5b\x5f\xc0\x05\x76\x35\x53\x0b\xb4\xde\xb0\xe4"
	"\x8c\x8a\x5d\xfb\xd9\xd9\xe2\xda\x5e\xf9\x23\x05\xee\xfe\x8e\x15"
	"\x8c\xf4\xc5\xd9\x85\x77\x05\x8c\x20\xa5\x10\x6f\x6d\xc5\x5a\xbe"
	"\xfa\x67\xeb\x0b\x44\x46\x41\x15\x83\x37\xad\xd6\x0b\x14\xc3\x0d"
	"\x5d\x9e\xdd\xe3\x18\xfe\x83\x70\x75\x42\x32\xa8\x87\x61\x86\x14"
	"\xf4\xab\x63\x5b\x9e\x77\x59\x64\x97\x01\x72\x63\xa0\x68\x6a\x70"
	"\x06\x62\xeb\x14\x1c\x5e\xba\x54\xbd\x1c\xed\x5c\xd3\x98\x2d\x81"
	"\x28\x73\x88\xa1\xb2\x2a\x4a\x26\x69\x59\xbc\xd1\x29\x20\xfa\xd7"
	"\xad\x00\x38\xb1\x2b\x31\x70\x71\x90\x53\xe5\xae\x36\x56\x1e\x5e"
	"\xf0\xe9\x62\xe3\xed\xff\xdb\xe8\xec\x84\x2a\x51\x62\xa2\x48\xf3"
	"\x8a\xa9\x55\xd5\x41\x93\xd9\x9a\x8e\xb5\x7c\xf3\xd2\xe3\xb7\xeb"
	"\x6d\xf1\x29\xf0\x1d\x48\x42\x5d\xe4\x44\x42\x27\xba\xc2\x1f\x64"
	"\x51\xd4\xd5\x52\xb1\x62\xd5\x0c\xbd\x36\x5d\xcf\x75\x48\x17\x34"
	"\xe8\xcf\x7d\x0c\x94\x10\xb9\xa6\x16\xa4\x3a\x27\x0a\x12\xd8\xa2"
	"\x28\x28\x1d\xb4\x02\x70\x99\xd1\x22\xd9\xa9\xab\x54\x09\x24\xb7"
	"\x88\x28\x0c\x0a\x50\x02\x53\x39\xe8\x96\x46\x3d\x23\xe8\xaf\xe2"
	"\xb3\x13\xad\x6b\x64\x91\xcb\x26\xa7\xfd\x70\x46\xbc\xd4\xb6\x05"
	"\x55\x8b\xb8\xea\x0d\xf6\xdd\x82\x45\x3b\xca\xa4\xeb\x3a\xa5\xa3"
	"\x14\x7b\x52\xfb\x86\x23\x16\xed\x2b\x98\x0e\x3a\x72\xf0\xf3\x6d"
	"\x93\x85\x0d\xe9\x4d\x83\xf3\xbb\x60\xe7\x8f\xc7\x26\x2d\x91\x14"
	"\x07\x34\x08\x3a\x64\x13\xdd\x76\x88\x83\x05\x1d\x98\xe9\xc4\x3d"
	"\xdf\x16\x6a\xf7\xce\x80\xd1\x7a\x44\xa5\x94\x5d\x3b\x0b\x9d\xb3"
	"\x60\xfa\x76\xc6\x02\xb0\x44\x0a\x3c\x62\xc8\x94\x73\xc2\x49\x53"
	"\x37\x99\xc9\x73\x0e\xc2\xb8\xf6\x6a\xb7\xf3\x0a\xbb\x92\xf6\x62"
	"\x06\x71\x1b\xb6\x0b\xd2\x5f\xd1\x80\x59\x6e\xcf\x76\x9e\x5a\x2e"
	"\xb7\x37\x17\x17\xd7\x5a\x60\x8b\xa5\x39\x42\x92\xfb\xbb\x57\xf7"
	"\x0d\xf8\x85\xfb\x27\xb8\x54\x15\x1e\x59\x27\x3e\x11\x68\x83\xc8"
	"\xcd\x19\x21\xaa\x83\xeb\x04\xe7\x74\xe4\x94\x5b\xef\xdf\x5e\xf6"
	"\xdf\x59\x37\xad\xc4\x35\xd3\x94\x17\xfc\xa7\xe7\xd2\x05\xd4\x20"
	"\xe7\x97\xe9\x3c\xe3\x33\x68\x8a\x38\xe2\xba\xe4\x71\x68\xce\x06"
	"\x3f\xc8\xa0\xde\x5c\x55\xd5\x9a\x99\xf5\x38\xfa\x74\xc4\x3a\x96"
	"\x32\xad\x3e\x3d\x26\x4d\x3d\x30\x26\xf5\xab\x00\x64\x9c\x68\xba"
	"\x8e\x0e\x4f\x1d\x10\xfe\x27\x67\x99\xda\x15\x45\x23\x33\x62\x98"
	"\xe1\x20\x8e\x11\x25\xba\x41\x88\x32\x0f\xcb\x01\x16\xa4\xfe\x5a"
	"\xad\x87\x3b\xa6\xd6\x9b\x13\x19\x04\xa6\x79\x70\xe7\x34\xfe\x9c"
	"\x90\x6d\x73\xd7\x77\xf3\x35\x9a\x60\xc8\x72\xce\x54\xae\xe6\x07"
	"\x11\xa8\xcf\x8a\xc4\x45\x1e\xf4\xa1\x9a\x57\x57\x65\x48\x32\x7e"
	"\x8b\x57\xca\xba\x2b\xc2\x2a\x67\xf4\x67\xa2\x22\xce\xb3\x32\xe9"
	"\xa1\x56\x10\xd0\x15\x51\x2e\x78\xc5\x59\x57\xd8\xfc\xd0\x24\x4f"
	"\xce\x9b\xf4\x09\x82\x73\xa3\x89\xbc\xea\x30\x52\x78\xa5\xe4\xf3"
	"\x31\x1e\xa2\xcf\x68\x1e\x01\x41\xe0\xd9\x74\x9c\x2b\x45\x9d\xbb"
	"\x11\xa0\x7a\xb4\x31\x05\x41\xb4\xee\xa8\x31\xd9\xb5\x8b\x9e\x70"
	"\x13\xc8\x69\x67\xbd\x73\xac\x38\xe5\xbc\x57\xa7\x2f\x26\xc0\x02"
	"\x86\x91\x80\x32\x0d\x12\xff\x74\x5d\xb1\x6c\x07\x8f\x22\x6c\x92"
	"\x5c\x3f\x06\x25\x29\xd1\x53\x6a\xa6\xfa\x79\x92\x59\x34\x9a\x5a"
	"\xe3\x73\xf2\xdc\xfb\x2d\x8c\x35\xe3\x53\xf8\x4d\x82\xc1\x09\x7e"
	"\x88\x5d\xae\xbf\x8d\xc8\x18\x18\x66\x53\x3d\xf6\x1b\x4d\xda\xd1"
	"\xa4\x65\xca\xc8\x31\xa8\x22\x0f\x31\x6c\x3d\x75\x29\xb3\xdc\xce"
	"\x2a\x5b\xb7\xc0\x7c\x4a\x10\x25\x48\x80\xb5\x6b\xa7\xf2\xff\x76"
	"\xfc\x5c\x6f\xec\x64\xc7\x88\x4a\x92\x32\xa2\x93\xd1\x1c\xd0\x84"
	"\x1a\x9b\xa8\xb2\xcc\x3d\x0d\xae\x07\x86\xfb\x56\x56\xfe\x26\x7c"
	"\x13\x7b\xcb\x83\x3b\x22\xbc\xf8\xcb\x9c\xf1\x1c\x10\x95\x55\xe6"
	"\xce\x85\xc9\x5d\x99\x06\x59\xd3\x37\x5b\x96\x14\x84\xdd\x36\x61"
	"\xfa\x4e\xcd\x78\x60\x20\xf5\xd7\x15\x32\x6d\xd0\x58\x1a\x16\x2e"
	"\xb2\x38\x94\x38\x72\xba\x66\xe7\x0b\x8e\x79\x03\xd4\x78\xb8\xe9"
	"\xe6\x42\x71\x25\x83\x95\x09\xa3\x68\x59\x89\x1b\x19\xfe\xd6\x8d"
	"\x58\xc4\x7e\x29\x94\x55\x75\xba\x76\xf7\x00\x1c\xcc\xc6\x24\x90"
	"\x89\xbe\x95\x37\x20\xc2\x2e\xcb\xdb\xac\xec\x59\xb6\xe4\x9c\x6a"
	"\xc7\x47\x50\xad\xa6\x10\x6f\x28\x76\xcd\x66\x42\x36\x08\x40\x40"
	"\xba\xa6\x55\x21\x10\x04\x97\xe2\xaf\xab\x5a\x35\xca\x11\xfc\xec"
	"\xcb\xa4\x45\x97\xed\xa3\x12\x55\xe1\x96\x81\x21\x1b\x60\xdb\xa0"
	"\x29\x0d\x7b\x6a\x41\x20\x43\x72\x20\xb5\x6d\x12\x3d\x0a\x47\x5a"
	"\xb4\xfd\xc6\x65\x44\x28\x28\x0b\xa3\x7a\x46\x24\x10\x38\x1d\x53"
	"\x76\x4e\xad\x30\x41\x26\x36\x05\xdc\xbf\xb5\xa9\x19\x19\x7e\xd2"
	"\x55\xe4\x24\x77\xd3\x4e\xcd\xe1\x88\x37\x0a\x9a\x52\xc7\xe3\x0e"
	"\x0c\xd1\x1d\x65\xbb\x90\x41\xbe\x0d\xee\x78\xad\x2b\x60\xcb\x88"
	"\x62\xe1\x71\x8b\x9b\xc1\x55\x40\x3b\x3e\x27\xb0\x0f\xe6\x80\x45"
	"\xc2\x7b\xb6\xaa\x9d\xbe\x78\xf9\xea\x40\xe1\x2f\xbf\x6a\xa6\x23"
	"\xb3\x17\x3d\x3c\x7e\xdb\x6b\x37\x94\x94\xe1\xf1\x61\xfb\x31\x8b"
	"\x3f\x35\x55\xf1\x6b\xbc\x89\xf1\xa4\x9f\x0e\x7a\xc5\xf8\xa8\xba"
	"\xb9\xbc\x3c\xa1\xc6\xb0\x8b\x53\x83\x24\x5e\x84\x57\xec\xd7\x34"
	"\x68\x7f\x4d\x76\xf0\x27\x8b\xe1\xcf\xb2\x35\xbe\x31\x2e\x01\x7d"
	"\xa3\x2f\x18\xcf\xad\xa5\x6c\x4c\x08\xfc\x96\xdc\x62\xc4\xaf\x8c"
	"\x35\x18\xa8\x9e\x9f\x5d\xb9\xe8\x59\x05\xf7\x6b\x96\xb4\x9f\x8f"
	"\x9f\xde\x5f\xaf\xaf\x2f\x6e\x3e\x9d\x1e\xab\x0b\x70\x82\x76\x6d"
	"\xea\xba\x6e\x03\x44\xca\xda\xcc\xd3\xc7\x24\xc1\x4d\x3c\x2b\xbb"
	"\x5d\x9f\x07\x21\xbf\x93\x1f\xff\xfc\xd7\xeb\xef\xff\xbb\x7f\xfc"
	"\xe8\xdf\xfe\xf5\xfe\xe5\xf1\xe1\xed\x4b\xbf\xff\xeb\x83\xf3\xe2"
	"\x0f\xdf\xff\xf5\x7e\x72\xac\x16\x43\x4c\x61\x20\x75\x68\xd7\xa5"
	"\x6f\xd3\xa2\x4b\x5c\x77\x90\xd8\xec\x2d\x91\x32\x31\x44\xa9\xa6"
	"\x79\x89\x45\x0f\xf0\xb9\xc6\xaf\x93\x30\xd5\x60\x2d\xe8\xfb\xa4"
	"\xc0\x8c\x12\xc3\xac\xa1\x98\x3a\x59\x18\x3d\x32\x3a\x42\x19\x9b"
	"\x9f\x1f\x7f\x5c\x1f\x9b\x9f\x14\x07\x74\x53\xc1\x5d\xbe\x21\xbf"
	"\x17\xe4\x7c\x4f\x86\xca\xc3\xc7\xfa\x2d\xdf\xae\x13\xbb\xf6\xda"
	"\x28\x91\x45\x11\x83\x20\x6b\x6d\x6a\xcd\x44\x72\x08\xd1\xd8\xf8"
	"\xd6\x47\x77\x48\x88\x9a\x5f\x77\x56\x5e\xa6\x93\x13\x18\x2a\x04"
	"\x0e\xcd\x59\x9b\x45\xf6\x78\xca\x49\x31\xbe\xb0\x36\xd8\x28\x4c"
	"\xb0\xea\x8c\xa9\xcd\xd6\x7e\x25\xf9\xbe\xff\xf9\xe5\xf5\xe8\x0f"
	"\xd7\x0a\x85\xa8\x70\xc6\x1e\x8a\x49\x6b\xd3\x23\xa3\x4a\x84\xd7"
	"\xb8\x6d\xae\x1e\x4f\x15\x18\x5a\xc0\xc3\x88\xaa\xcc\x34\xa9\x04"
	"\x92\x82\x4d\x64\x7d\x20\x5a\x65\x39\x18\xa5\x10\x8f\x23\x38\xa2"
	"\xcb\x62\xaa\x02\x29\xd3\xc6\x50\x54\xaa\xb5\xd3\x62\xc3\x18\x00"
	"\x13\x07\x67\xe2\x3d\xbb\x45\xc7\x04\xb4\x5e\x55\x5b\x68\x77\xda"
	"\x35\xba\x2d\x6a\xeb\xa7\x8b\x0f\x13\x04\xb9\xb3\x4c\x3e\x1e\xba"
	"\x25\x3f\xec\x43\xe7\x22\x2f\x92\x22\x8d\x39\x27\x94\x68\xb1\x59"
	"\x30\x2e\x28\x5c\xd9\x97\xd9\x32\x28\xdb\x4c\xf4\xb7\x6a\xea\x23"
	"\xfc\xb0\xeb\xdb\x6d\xc6\x84\x0e\x59\x84\x68\xd1\x4f\xca\x06\x0c"
	"\x0c\x69\xb6\x3e\x88\x3d\xb4\x94\x3a\xdb\x13\xe4\xe0\xf4\x2b\x9b"
	"\x4c\xe2\x2d\x63\x2c\xd0\x1f\x90\x6d\xdb\x5c\x65\x03\x79\x5d\x5b"
	"\xd5\xc4\x58\xe4\x85\x8f\x25\x82\x2f\x5a\x9a\x7c\x1e\xe3\xf7\x55"
	"\x7e\x53\x25\x2a\xba\xa2\xdb\xc0\x49\x75\xde\x91\xe4\xd0\xd3\x35"
	"\x21\x4d\xf2\xe4\x8a\x9a\xa0\x20\x48\xec\xb6\x0b\xd8\x8a\x20\x6e"
	"\x3c\x37\x3a\x88\xf9\xb4\x23\xaf\x74\x85\xa7\xf5\x35\x4d\xbb\x2d"
	"\x77\xe7\x5e\xea\x25\x4d\x6d\x1c\x1f\x95\x6b\x0f\x8d\x7a\x94\x05"
	"\x2a\x8c\x7c\xf8\x79\x91\x83\x78\x58\xde\x9d\xb4\xe5\x3a\x98\x0b"
	"\xdd\x57\x23\xd9\xbd\x5d\x48\xdc\xf9\xa1\xb8\x55\x74\x10\xf2\xfa"
	"\x7c\x71\x10\xee\x9e\xb5\xb1\x13\xa8\xc3\x94\x36\xfa\x3b\x41\x9e"
	"\xa2\x16\xd0\x02\xc0\xcb\xd4\xef\x0f\x1f\xfb\x63\x0b\x28\xed\xbc"
	"\xf4\x74\x3d\xb0\xa7\x92\x08\x5e\x71\xf5\x83\x11\xcc\xd7\xd0\xe8"
	"\x5c\xdf\x57\x45\x16\xd3\x0c\xef\x8e\x6d\x48\x3e\x92\xdc\x2c\x9a"
	"\x4a\x6e\x58\xd3\x02\x1a\xd2\xc8\xdb\xcc\x08\x30\xd8\xb5\x31\xdd"
	"\x75\x1b\x96\x34\x87\x00\x48\x92\xee\x75\xab\xc6\xa9\x38\x88\xb7"
	"\xbd\x06\xc3\xec\xc0\x75\x1c\xf1\x4b\x1b\x88\x6e\xa9\x5d\xb6\xf4"
	"\xc8\x4d\x52\xe6\x36\xae\x8f\x92\x7a\x45\x6e\x22\x19\x45\xa8\xe2"
	"\x80\xde\xae\x89\x01\x28\x55\xe1\x22\xff\x31\xcd\x2a\x85\x9d\x56"
	"\xc8\x92\xeb\xeb\x39\xd7\xa7\xb5\x52\xa5\x5d\x11\x2e\x91\x74\x10"
	"\xe1\xc5\x4c\x03\x5d\x13\x6f\x44\x0d\xd0\xe2\x10\xd0\x41\x9f\x3b"
	"\xa0\xe2\xd7\x97\x87\xd4\x89\x70\x53\x69\x80\x0e\xa9\x38\xe1\x21"
	"\xcf\x00\x9d\x1f\x02\x3a\xa4\x0b\x88\x18\x0b\x06\xe8\x66\x1e\x74"
	"\x73\x76\x40\x49\x37\x87\x0c\xf0\xcd\xd9\x01\xfd\x74\x73\x7e\x40"
	"\x9d\xae\xaf\xe8\x7e\xe2\x77\x61\x98\xf0\xfd\xf5\x7c\x31\xa7\x8b"
	"\x43\xaa\xcd\x51\xf4\x24\x08\x58\x94\x65\xee\x05\x39\xd6\xe4\xd4"
	"\x5c\x61\x92\xb0\x98\x6d\xc4\xd9\x2c\x62\xbe\x23\x2e\x66\x11\x97"
	"\xb3\x88\xab\x59\xc4\xcd\x2c\xe2\x74\xbe\x31\xa7\xf3\xad\x39\xa5"
	"\x9b\xb3\xae\xb2\xeb\xbe\xf1\x93\x3b\x92\x5c\x04\x11\x30\x3d\x41"
	"\xe9\x45\x44\x49\xde\x12\xef\xad\x26\x08\x67\x6f\xbb\xa6\xf2\x83"
	"\x9a\x8a\xdf\x19\xe7\x3e\x76\xd7\x64\x79\x3e\xf3\xb9\x65\x90\xcc"
	"\x42\x9a\x24\x59\x7b\x11\x19\x6f\x57\x50\xc6\x7e\x4c\xd9\x65\xed"
	"\x7c\xf7\xcd\x35\xaa\xed\x9a\x75\xc6\x56\xc4\x9a\x01\xe9\x8e\xba"
	"\x5c\xe2\xdc\xf5\x1c\xa0\x2b\xb3\xc8\x78\xe0\x3a\x24\xf5\x25\x04"
	"\x97\x93\xa6\x41\xfe\xe8\xf0\x8a\x89\x73\xdd\xb5\x63\x88\x52\xb7"
	"\x84\x79\x55\x87\xa3\x61\xe9\xfe\xf1\xe7\x1b\xf8\xdb\x7b\xfd\x01"
	"\xbe\xc8\x95\x3b\xf8\x3a\xb9\x53\x95\x7c\xfc\x17\xf2\x79\xba\x9a"
	"\x00\x62\x39\x67\x9c\xbf\x28\xe1\xb1\xcd\x1d\x3c\xb5\x24\x2e\x27"
	"\x43\x11\x44\x10\x1a\xbc\x50\x25\x31\x0d\x81\xa0\x87\xf1\x0a\x34"
	"\x86\x0d\x76\x06\xe5\xaa\x73\xd0\x44\xc7\xfc\x52\x87\x7e\xba\xf8"
	"\xad\x3a\x22\xcc\xa6\x0d\x96\x4b\xa6\xa4\xcc\x4e\x93\xfc\x94\x61"
	"\xf0\xaa\xd1\xfa\x5d\xda\x14\x9e\x2f\x19\x2a\x6b\x50\x9c\x17\x45"
	"\x50\xc3\x65\x09\xf4\xb9\xcd\xe7\xb3\xc5\xd5\xe5\xf5\x68\xa8\x03"
	"\xef\x86\x57\xfc\x0e\x99\x80\x9c\x09\x64\xf8\x20\x8f\x45\xcd\xbc"
	"\x11\x2e\xd8\x02\x79\x48\x7d\xca\x0b\x08\x85\x71\xf8\x74\xe9\xb2"
	"\x50\x70\x52\xb0\x3a\x70\xca\x88\x30\xdc\x1d\x42\xc1\x72\x46\x44"
	"\xf3\x56\x3a\xcc\x45\x16\x2d\x3f\x3e\xb6\x7a\x64\x90\x5c\x3a\x7b"
	"\x55\x4a\x35\x41\x83\x4c\x3f\x28\xb7\xe0\x8e\x67\xa6\x24\x34\xc1"
	"\xd0\x47\x8e\xd1\x96\x88\x60\x13\x99\x91\x5e\x2d\x0c\x0a\x0c\x9b"
	"\xe4\x16\xe2\x84\xf6\x9b\x20\xef\x92\xcf\x27\x24\x98\x65\x71\x1b"
	"\x84\x20\x30\x59\x09\xb3\xf2\x1b\x57\x53\x0a\x23\xc0\x9f\x0d\x69"
	"\xab\xa2\xba\xab\x7c\x8d\x0c\x6a\xde\x69\x85\x66\x95\x6b\x92\xa6"
	"\xae\x25\xeb\x3d\x42\xa1\xc6\xbe\xa2\xb0\x45\xd3\xed\xd0\xae\xf1"
	"\x88\xf4\x9a\xfb\x0b\x2c\x44\xf3\xad\xa9\xe7\xd0\x12\x74\x17\x14"
	"\x01\xe1\xfe\xb4\xe5\x0b\x7f\xe9\x09\x35\x04\x08\x29\x76\x35\x6d"
	"\x25\x35\x50\xc9\xf7\x19\x7c\xb6\x41\x22\xb2\x94\xdf\x52\x89\x03"
	"\x0b\xe8\x6d\x02\xb2\x21\x46\xd2\xe1\xc9\x91\xef\x65\xb4\xc4\xd0"
	"\x4f\xb0\x9d\xe2\xa7\x31\x71\x52\x1e\xfa\xb2\xf6\x41\x17\x67\xda"
	"\xb8\x65\x44\xe7\x26\x1b\xd7\x16\x27\x85\xeb\xbe\x85\x6d\x61\xe4"
	"\x8c\x70\xbf\x08\x37\xd1\x46\x44\x0e\x02\xf6\xf9\xf8\x7d\xff\xfd"
	"\xe9\xe5\xe7\x5f\xc7\xaa\x0d\xd2\xd1\xb7\x87\xb7\x2f\x7b\x74\x44"
	"\x3b\x1d\x72\xc2\xbe\x6e\xff\x0c\x6f\xde\x9e\x5e\x9e\x20\xc0\xc0"
	"\xd3\x7f\x1e\x86\x70\x1c\x93\x49\x1f\xc8\x36\xd1\xe4\x66\x13\x34"
	"\x18\xdb\x1b\x36\x33\xb0\x1d\x54\x64\x9c\x2e\xd4\x3d\xbf\xa9\xf7"
	"\x61\xa0\x4a\x96\x48\x9c\x3e\x72\x59\x2b\xde\xef\xc0\xec\x23\xa2"
	"\x4f\x4e\x18\x78\x42\x3c\x54\xc8\x39\xc0\x1a\xd0\xf9\x2d\xd4\x80"
	"\xe7\xd5\x68\x63\xd6\x13\xc6\x04\x12\x0c\x0f\x83\x08\xec\x28\x51"
	"\x84\xf8\xbe\xa3\x66\xf0\xed\xef\x1f\x1f\xaf\x47\x8f\xaf\x6f\xfb"
	"\xa3\xd7\xb7\xa3\x6f\xfb\xef\x3f\x30\x76\x8a\x22\x80\xc4\x58\xc8"
	"\x69\xe6\x54\xfc\x0f\xd4\x20\x5f\x06\xb5\xf2\x26\x45\x4b\x5e\xd8"
	"\xe9\x49\x10\x3b\x13\x6d\x68\x98\xaf\x23\x7c\xa3\x45\x53\xec\x4c"
	"\xfa\x76\xa8\x24\xda\xd0\x46\x95\x2b\x4f\x69\x4e\xa0\x2d\x5f\x93"
	"\x55\x27\x6b\x12\x50\xb5\x5f\xd7\xf5\xc2\x95\x68\x97\x00\x4c\x9d"
	"\xa3\x3a\x2c\xd0\x54\xe1\x22\x35\x5e\xd1\x63\x94\x44\xb1\xdd\x29"
	"\x43\xa0\x6a\x2a\x7d\xe1\xf8\x06\xf1\x1c\x48\xcf\x38\xfa\x8c\x00"
	"\x86\x98\x59\xc5\x2f\xd3\xd3\xc5\x75\xd1\xe5\x16\xa1\xec\x72\x77"
	"\xa2\xab\x26\x35\xfe\x4d\xd7\x05\xd8\xbe\xdb\x2e\xe9\x12\xab\x44"
	"\xfc\x2b\x76\x14\x59\x08\x8a\x67\xa6\x77\xed\x8a\xf3\xc3\x8e\xac"
	"\xc4\x3b\xc3\x81\xca\xb2\xc2\xf5\x3d\xbe\x2f\x6e\x92\xc5\xc5\xc5"
	"\xe9\x8d\x1d\x82\xed\xe7\xc7\x37\x70\x9e\xfe\xf8\xf0\xb1\xff\x72"
	"\x94\xbc\x3c\xc2\x4a\xe5\xfb\xdf\xd1\xbf\x9f\x3e\xbe\x1d\x05\xef"
	"\xef\xaf\x8f\x4f\x48\x8a\x1f\x3e\x1e\x94\x4d\x71\x28\x38\x2a\xec"
	"\x5e\x77\xa4\x45\xab\x80\xff\xb7\x38\xa9\xab\xfc\xee\xf4\xcc\x30"
	"\xd8\x96\x0b\x73\x99\xb1\x53\xca\x03\x98\x8e\xc9\x67\x41\x8b\x8b"
	"\x4b\x1f\x86\x9f\x38\x1d\xbb\x24\x02\x02\xa8\x98\x53\xc3\xdb\xbb"
	"\xd1\xdd\xc9\x6d\xb6\xb1\x1a\x9b\xf0\xa6\xf2\x8d\x72\x23\x37\xbf"
	"\x10\xa3\x3e\x3d\xbf\x7e\xd9\xbf\xdb\x1d\x18\xba\x06\x39\x4a\x43"
	"\xfa\xa3\x51\x6b\x2f\xa4\xc8\x31\xfb\x93\x28\x74\x14\x9d\xeb\x3a"
	"\x58\x7b\xb2\x87\x11\xfd\xe9\x5d\xcb\x1c\x45\xf2\x5b\xd9\xb6\x21"
	"\x1c\xe3\xca\x31\x89\xf9\x1d\xba\xed\x6c\xef\xd6\xeb\x38\x25\x7a"
	"\x66\x1d\x72\x1a\x34\xb6\x5f\xc1\x1d\x9b\xad\x82\x8b\xd3\xc5\xe8"
	"\xf8\xf4\xe1\xfd\x1b\xd5\xa3\x1c\x6d\xef\xca\xae\xc4\x9d\xbb\xf3"
	"\x37\x85\x23\xee\x57\xfc\xf4\x75\xff\xfe\x61\x7f\xac\x89\xce\x16"
	"\x91\x63\xe1\xf3\x64\x47\xd1\x61\x1e\xac\x93\x05\xf3\xf5\x94\x80"
	"\x84\x3e\x08\x2f\xbd\x3d\x3d\x89\x9d\x2e\x3b\xe4\x1a\x74\x9e\x4d"
	"\x9e\xd5\x57\xc4\xe7\x9e\xdd\x36\x76\x66\xc9\xf8\x3c\x87\xe7\xbd"
	"\x94\xb3\x9e\xe1\x08\x29\xe2\x99\x55\x0d\x88\xcb\x93\x19\xc4\xcc"
	"\x82\xe6\x88\xb3\x85\x6f\xa5\xae\x82\x53\xab\x3f\x78\x22\x2f\xd6"
	"\x95\x2c\xa6\x9a\xf9\x11\x4e\x38\xf3\x55\x82\x15\x5e\x72\xbb\x6c"
	"\x4e\x6f\x16\x3e\xc4\xb6\xbe\x38\xb5\xc3\x5c\x44\x4f\x3f\xbe\x89"
	"\xf7\xbd\xe6\x46\xc7\x9c\xfb\x28\xeb\xdb\xcc\xbb\x18\xcb\x2e\xcc"
	"\x7c\x6c\x56\x13\x9d\x3b\x27\x6f\xb5\x4d\x0d\x31\x97\x35\x35\x83"
	"\x02\xbc\xbe\x06\x7e\x0c\x6b\x2f\xe6\x00\x97\x74\xf5\x62\x67\xb3"
	"\x53\xeb\x94\xb6\xb6\xa9\x55\x70\x4f\xb8\x8c\x92\xe3\x17\xe4\x2c"
	"\xf0\xcd\x22\x79\x8c\xb9\xe6\x46\x92\xf8\xcb\x4e\x9a\x3a\x29\x5b"
	"\xff\xf4\x39\xf7\x4e\x9f\x24\xa0\x6b\xd6\x6e\x2b\x18\x1b\x6b\x2e"
	"\x0f\xe9\x53\xa8\xe0\x21\x8c\xe8\xf3\x0f\x88\x80\xa2\xdf\x73\x64"
	"\xf7\xa2\xba\xd7\x2a\x29\xbf\xaf\x1c\xcd\xbe\x3e\xf7\x4e\xe8\xfc"
	"\xfe\x7c\x86\xbc\xf2\x1c\x37\xa0\xb9\x1e\xdf\x50\x3d\xbc\x7c\x79"
	"\x7d\x3e\x2a\x7f\x3e\xff\xbe\x7f\x93\x21\x14\x5d\xf5\x0f\x4a\x96"
	"\xf5\x51\xed\xe2\xb8\xe3\x06\x0c\xa2\x92\xb2\x73\x53\x86\x43\xc2"
	"\xe2\x76\x91\x16\xf8\x27\x3e\x82\xa2\xd6\xc3\xb2\x02\xc2\xfa\xee"
	"\x6f\x19\xdc\xda\x12\xb8\xd6\xd7\x77\x04\x17\xcc\xef\xc8\xd9\xec"
	"\xf7\x47\x20\x1b\xae\x02\x07\x81\x1b\xc2\xf3\x9b\x89\x0b\xdc\xfa"
	"\x65\xe5\xca\x63\x78\x5b\x90\x94\xad\xab\x3f\x93\x0d\xe7\x1b\xbd"
	"\xec\x02\x40\xf8\x4d\x13\x1e\x7d\x47\x65\x79\x41\xbd\xda\x52\x0b"
	"\x0c\x36\x59\x57\x80\xa2\x7c\x0e\x79\x1b\x25\xbe\xbd\x65\x33\x04"
	"\x94\x60\x10\x8e\xc3\x5e\x05\x02\x20\xef\xb6\xce\xd2\xf9\x5f\x44"
	"\xab\xc1\xd4\x59\xfc\x9c\xaf\x24\x44\xe4\xf6\x8f\x8e\xe8\x47\xca"
	"\x43\x87\x02\x5a\x65\x7c\x45\xb0\x24\x3a\xa0\xd9\x99\xda\xe4\x80"
	"\xdd\x15\x45\x02\xb2\x73\x14\xbc\xb7\x77\xb5\x9b\x58\x77\x61\x3e"
	"\x60\x58\x17\xea\xb0\xdd\xc5\xc9\x4d\x1f\x25\x0d\x3c\xfd\x8b\xc0"
	"\x8a\xa4\x06\xbb\x4b\xd5\x06\x6f\x1d\xb1\xab\xc1\xfa\x4a\xa1\x4e"
	"\xaa\x05\xa4\xc3\xad\x07\x3e\x40\x84\x90\x43\x33\xcc\x3a\x11\x0f"
	"\x00\xf0\x21\x1c\x7c\xcc\xf5\x90\x3a\x82\x28\x92\x7f\xe0\x6d\xe7"
	"\xfd\xe8\x0f\x88\xc8\xf0\xf4\xf5\x45\x84\xcd\x79\xfc\xb6\x7f\xfc"
	"\xf3\xe9\xe5\xeb\xb4\xa3\x0c\x8e\x44\x98\xd0\x3c\x7c\x3e\x7e\xe4"
	"\x99\xdf\x7f\x85\x1c\x1c\xd6\xff\xb9\xff\xfb\x97\x1f\xfb\xe7\x63"
	"\xc5\x0a\xaf\x4d\x8a\xbe\x85\x27\xbf\x42\x89\xd1\x68\xe6\x64\x36"
	"\x9d\x81\x38\x5c\x35\x53\x01\x7a\xb2\x6b\x9b\x40\xed\x32\x4a\x02"
	"\x5a\x81\xff\xf6\x3b\xf3\x7b\x6e\xb4\x28\x9a\xf3\x96\xd1\x1a\x5f"
	"\xf4\x39\xc0\xa3\x8a\xa6\x84\x52\xd1\xa8\x3f\x95\x9b\x6f\xfe\xf4"
	"\xfb\xdb\xc3\xdb\xdf\x47\x6f\xaf\x3f\x3f\x9e\x5e\x54\xa6\x3b\xe4"
	"\xab\x34\x81\x37\xc7\x89\xaa\x70\xd8\x24\xc2\x26\xd0\x45\x15\x9a"
	"\x9b\x40\xb9\x7f\xcb\xc8\x27\xac\x6d\xca\x08\xd4\x13\x0d\x44\xdf"
	"\xd0\x66\x89\x0a\xc9\x93\x92\xa0\x96\x09\xd8\x52\x67\xaa\xe1\xc8"
	"\x18\x55\x25\xca\xc6\x77\x5f\xaa\xd5\x22\x58\x27\x47\x45\xbd\x8b"
	"\x56\x4b\x7c\x39\xd2\x24\xa9\xc3\xae\x31\x05\xb7\x51\xe8\x87\xbe"
	"\xce\x8d\x17\xac\x59\x39\xd8\xe7\xbb\x9e\xdb\x0f\x62\xaf\xef\x64"
	"\xf7\xc9\x73\x30\x0b\xe5\xdd\x40\xd6\xd8\x96\xd0\x88\xca\xf0\xae"
	"\x05\xb4\xe0\x44\xec\x43\x7a\x24\x91\xe5\xcc\xe5\x1e\x45\x05\xfe"
	"\x12\x46\x98\x93\x2c\x6f\x1a\x7d\x83\xce\xcd\x6e\xbc\x6d\x51\xae"
	"\x25\x9e\x92\x7c\xb5\xf1\x96\xe0\x90\x3d\x4c\xd1\x3c\xc0\xa2\xb5"
	"\x4c\x6e\xd5\x8c\x11\x3c\x0e\x6f\x35\xf1\x5b\x74\x7a\xa9\x6f\xe9"
	"\x51\x6f\xdf\xc0\x34\x72\xd6\x76\xbd\x5b\x4e\x63\xdd\x0c\x79\x82"
	"\x2f\x16\xc9\x00\xe0\x3b\x6c\x12\xde\x5d\x3b\xb2\x0a\x0a\xc5\x67"
	"\x21\x24\x68\xb6\xd4\x46\x22\x10\x61\x46\x71\xa6\xd1\x25\x59\x32"
	"\x49\xb8\x72\x34\x83\xf7\xb5\x7d\x59\x8e\x14\x2f\xe0\xbb\x9d\x7e"
	"\x67\x45\x6d\x84\x3d\xea\x22\x19\x27\x90\xd0\x43\x53\x10\x8b\x3a"
	"\xd9\x81\x06\x65\x5c\x15\xfe\x5e\xbf\x87\xb9\xc1\x79\x1a\x9d\x15"
	"\xc6\x54\x8b\x41\x56\x4d\x40\xf5\xd4\x38\x71\xa5\x9f\x3b\xd3\x35"
	"\x33\x4d\x23\x59\xc3\x4f\xaf\x29\xef\x81\xe0\x54\x88\x8c\xa6\x98"
	"\xcb\x7b\x35\x40\x98\x42\xe0\xd5\xb0\x77\x49\x87\x62\x99\xf3\x17"
	"\x71\xcf\xaa\xbc\x2a\xd4\xc7\x73\x6a\x2a\x28\xee\xaf\x09\x12\xff"
	"\xa0\x42\x6a\xf9\xd9\xc6\x12\x18\x3b\x57\x5a\xbf\x56\xc3\x67\x28"
	"\xe9\x61\xe1\x4c\x4e\x99\x1a\xbc\x8c\xb1\x2a\xca\xf8\xd1\x82\x47"
	"\x4f\x13\x68\xfa\x6f\x7c\xf2\xab\xfa\xe2\x12\x49\x83\xa7\xa7\x5a"
	"\x4f\x8f\x0b\x65\x63\x2c\xb1\x31\x4b\x48\xec\xf9\xb9\xb3\x54\x75"
	"\xf7\x48\x03\x02\xe8\xef\x41\x41\x6c\x5a\xc4\x03\x0d\x74\xfa\x7d"
	"\xdb\x5f\x9e\x87\x59\x6b\x9c\x90\xb2\xd3\x01\x16\x55\x2b\xbc\x06"
	"\x28\x43\x55\x04\x32\x4a\x49\x55\xab\xaa\xe7\x6d\x56\xb5\x79\xa8"
	"\x24\x2c\x73\x31\x6e\xca\xc2\xaa\xbb\xbe\xd1\x1a\x16\xdf\xaa\xe7"
	"\x6d\x5e\x69\x92\x41\xf8\xed\x5b\x0b\x65\xae\x5b\xb3\x46\xf9\x3d"
	"\xb8\xc1\xd6\xb6\xa2\xaa\x89\x09\x31\x10\xef\x00\xb7\x2a\xa9\xb9"
	"\x85\x7d\xdb\xe9\xca\xa5\xce\xf8\x42\xd3\xf6\xe9\x34\x56\xfa\x06"
	"\xdc\x50\x34\x20\xe5\x6d\x9b\x3b\xa2\x53\x37\x31\xab\xec\xf9\xbd"
	"\x4c\x5a\x70\x5f\x51\xa5\xb1\x3a\x41\x24\x75\xd8\x31\xf4\xac\x0c"
	"\xfc\x1d\x56\xb9\x83\x29\x60\x18\x66\x20\x53\x56\x05\xe3\x83\x6c"
	"\x3c\x2d\x07\xd3\x93\x21\x06\x8e\xd9\xbb\xba\x6e\x52\xb2\x9e\x98"
	"\xfa\xe3\xed\xe9\xe5\xe3\x4f\x11\xfc\xf2\x79\xff\xfe\xd5\x36\xcb"
	"\x41\xfe\x6c\x8d\xce\x38\xb4\x77\x16\x60\x57\x0d\x36\xd1\xc2\x8d"
	"\xa0\xd4\x24\x5d\x91\x88\xdb\x2e\x4b\xda\xcf\xe7\xd3\xfb\x0e\xc1"
	"\x87\x5b\x25\x9c\x6b\x5e\x45\x5a\xf9\x7d\x7c\xbf\xe5\x1e\xf6\xbb"
	"\x32\x28\xb2\xc8\xa3\xe9\x17\x76\x4a\xb2\x46\x5d\x09\xdb\x3f\xb0"
	"\xf1\x55\x66\x85\x26\x33\xf2\x0c\x7c\x39\x58\x08\xe0\xbd\xd3\xe6"
	"\xbb\x5e\x9f\x7f\x3c\x7d\xdf\x7f\xfa\x78\x7a\x1e\xf8\xfa\x77\xec"
	"\xcc\x47\x91\xfe\xa6\xf4\xa7\x51\xb4\x59\x9c\xfe\xd4\xb7\xe0\xac"
	"\xb6\xb0\xf5\x50\x1e\xca\x35\x41\x91\xe0\xc3\xd7\xcf\x8b\x93\xf3"
	"\x6b\x7d\xe8\x6b\xbe\x31\x41\xa8\xaf\x82\x0a\x21\x18\xc4\x58\x30"
	"\x47\xb9\xcd\xd3\x4b\xce\xa0\xc6\xd2\xd9\x02\x11\x7a\x9b\x8f\x57"
	"\xb5\x2d\x9d\xea\xb2\xc1\x16\x4c\x3b\x36\x56\xfc\xa3\xbc\x7f\x6d"
	"\x1f\xd2\x46\x57\x30\xf1\xa8\x1c\x1e\xea\x14\x60\x47\xe6\x36\x34"
	"\xd1\x20\xd8\x0d\xd2\xd5\xb4\xba\x5e\xb6\x01\x38\xa8\xc0\x9e\x92"
	"\xe3\x6b\xf6\xe0\x90\xae\x5b\x0b\x4c\xce\x3a\xb7\xe0\x68\xd2\xe1"
	"\x1b\x75\x8a\xfe\x9c\xe1\xdb\x2f\x35\x90\xa4\x92\x38\x2a\xab\xc5"
	"\x48\x7e\x3e\xf9\xeb\xd4\x85\xe2\xd7\x8a\x4c\xbd\x9a\x88\x1a\x08"
	"\x3f\x96\xf2\x32\x34\x98\x0b\x8c\xbe\x6e\xd5\x49\x84\x83\xc1\x8f"
	"\x28\xf0\xaa\x4f\xa8\xd0\x07\x3f\x9e\x1c\x88\xbb\xb6\x17\x53\xf2"
	"\x8a\x55\x10\xf0\xa1\xa0\x87\x9e\xf7\x1b\xab\x4a\xea\xe6\x37\x7d"
	"\x8d\x4f\xb6\xd4\x03\x69\x2a\x8c\x28\x46\x5a\x16\x0a\x54\x15\x82"
	"\xab\x01\xc2\xec\x0e\xfc\x78\xa2\xa1\x94\xcb\xe5\x14\x6c\xce\x43"
	"\x6f\xf2\xa3\x18\xdc\x86\xda\x23\x2d\x29\xbe\x49\x89\x76\x0c\x1d"
	"\x6c\x52\x1e\x94\xd3\x3e\x65\xdc\xb8\x07\x8c\x78\x98\x69\xd7\x62"
	"\x20\xf8\xf6\x9f\xa4\x10\x0e\x96\x33\x5f\x5f\x0d\x93\x15\xd8\x03"
	"\xb2\x47\x04\xdf\x13\xb0\xa0\x74\x5d\x9f\x91\x00\x11\x37\xda\x40"
	"\xf5\x4e\x30\x98\x90\x08\xaa\x7d\x2d\x52\xa9\x53\xde\xc9\x86\x12"
	"\x08\xae\x47\x85\x22\x03\x3a\x8d\x3d\xb1\xfa\x6c\x1d\x55\x1b\xeb"
	"\x1b\x3c\x03\x4f\x1e\xa2\x25\xd6\x1a\x8f\x0d\x78\xdf\x30\xae\x20"
	"\xac\xad\xa5\x64\x83\x25\x75\x94\xbf\x3e\xfe\xf9\xf3\x87\xd8\xb0"
	"\x57\x0f\x2f\x86\xcb\xab\x2a\x6d\xe1\x9e\xde\x81\x8b\xf6\x36\x89"
	"\x5a\xd2\x74\x08\x88\xfd\x0a\x9c\x7f\x83\x37\x5c\x77\x70\x98\x5b"
	"\x9f\x85\xac\xb2\xfc\x54\x06\x4c\x4b\x1e\x6c\xe6\x4e\x75\x22\xf2"
	"\x18\x5d\xfb\xf9\xd3\x98\x2e\xdc\x35\x9b\x3e\xc3\x31\xd1\x74\xc2"
	"\x3b\x96\x2f\xc8\xd4\xe9\x39\xc2\xc0\x3b\xe1\xaa\xa9\x5a\xf0\xcf"
	"\xe0\xf4\x8b\x0b\xc5\x48\xfb\xc5\xa9\x1f\xb1\x70\xb1\x9a\x92\x32"
	"\x9e\x3d\x0c\xa0\x49\xeb\x24\xa9\x67\xf6\x19\xce\xfc\x17\xb5\xcd"
	"\xe5\xc0\x90\x2a\xce\xc1\xff\xeb\xfd\xc7\xd3\x0b\x28\xc5\xdf\xff"
	"\xe7\xe8\xf9\xe7\xc7\xfe\xaf\x3d\xff\xc7\xfe\xe3\xf1\x97\x5f\x7e"
	"\xf9\xef\x89\xc5\x41\x47\x20\x58\x2e\xc6\x1f\x19\x6c\xf5\x8c\x17"
	"\xb3\x9b\xd1\xe1\x87\xdb\x4f\x2b\x86\x3f\x68\x03\xdf\x3a\x85\x4b"
	"\x40\xc7\xef\x15\x89\x8f\xe5\x60\xbc\xe5\x50\x98\x07\x72\x2b\x31"
	"\xf6\x69\x6c\xee\x1f\xb3\x9f\xdb\x6e\x05\x08\x83\x37\x82\xe1\xac"
	"\xaf\xfe\xe0\x97\xc5\x57\x18\xd6\x69\xee\xb0\xe1\xb7\x3e\x60\xd7"
	"\x30\xfa\xc1\x4c\x59\x30\x1a\xa8\x6a\x18\x98\x5a\x46\x77\x3d\x5f"
	"\x9e\x60\x76\x48\x1f\x2b\x53\x43\xe9\xfb\x07\xce\x52\xdc\x64\xb4"
	"\x40\x3b\xc0\x6a\x80\x41\x5b\x57\x82\xee\x8d\xcf\x66\x71\xaf\xf7"
	"\x54\x7e\x2d\x8e\x2f\xff\xf1\xc4\xff\xdf\x24\x4d\x58\xa9\x32\xcb"
	"\x39\x0a\xc8\x54\xed\x83\x84\x77\x11\x10\x7c\xb3\xca\xb7\x98\xa4"
	"\xbf\x3c\xdf\xd0\x46\x0d\x6f\x79\xd9\x72\x9e\xc5\xf6\x85\xd1\x44"
	"\x9d\x9b\x49\xe1\x04\x38\x9c\x52\x7a\x54\x00\x41\x0d\x9d\x02\x81"
	"\xd3\x8d\x0f\x0e\x1f\x03\xb9\xe3\x2d\x4e\x55\xfa\xb4\x95\x01\x48"
	"\x8d\x62\x85\x1f\x68\xa8\x58\x1c\x40\x4d\x6e\xd9\xec\xdd\x81\xef"
	"\xdf\x82\x39\x6c\x68\x97\xf9\xc3\xd0\xe1\x6c\xe4\x8c\x19\xa8\x3a"
	"\x08\x51\x17\x6f\xcc\xaa\x6a\xeb\x5c\x70\x19\xf8\xe0\xd5\x32\xb7"
	"\x9d\x9e\x7e\x48\xdf\xda\xe8\x44\x7e\xce\x05\xd3\x01\x6e\x9a\x40"
	"\xa4\x54\x46\x77\x6d\xe5\x8a\x42\x51\x56\xb5\xe8\xae\xc6\x60\x13"
	"\xd2\xae\x14\x1c\xb8\x9f\xba\x6c\x82\x7a\xe5\xc6\xc8\x7b\x5a\x2a"
	"\x17\x98\x56\x80\x38\xda\x0b\x0c\x17\x0d\x7e\x6c\xf9\x35\xdf\x80"
	"\x80\xbb\x05\x9c\x01\x80\x44\x1e\x9e\x19\x88\x68\xc8\x28\x4a\x51"
	"\x44\x39\x58\x76\x04\x23\xa3\x48\x8f\x30\x04\x57\x97\xa6\xda\x4b"
	"\x7b\x7c\xe9\x0b\x78\x4d\xa1\x02\xe3\x03\x43\x3a\x38\xbc\x35\x9b"
	"\x07\x31\x9e\x27\xff\xe9\x7a\x08\xec\xa6\x0d\x89\xb0\xcf\xda\x17"
	"\xa4\x64\xc0\x2c\x7a\x00\x2a\x67\x92\x1c\x69\x6b\x9b\x32\x46\x88"
	"\x0a\xb7\x09\xc7\x26\x48\x44\xb0\xa9\x8c\x12\x98\x30\x88\x36\x31"
	"\x5f\x90\x0f\x22\x0e\x7e\x0f\x60\xb5\xe5\x53\xd1\x07\x18\x26\xc5"
	"\x30\xf0\xee\xba\x8a\xec\x3d\x2b\x39\xef\xcb\x17\x95\x4b\xcf\xc4"
	"\x77\x6b\x3e\x68\xfc\x08\x47\xa5\x1d\x98\x39\x1b\x47\x3b\xa6\x07"
	"\x25\x5f\x69\x01\xe8\xb7\x44\x06\xe2\xd4\x1c\xe1\x10\xeb\xd7\x07"
	"\x14\x1c\x8f\xa7\x75\x61\xbe\x46\x75\x68\x56\xd9\x1b\xd4\x18\x21"
	"\xb8\xa9\xc2\x64\x18\x2a\x25\xe0\x6f\x9d\x5a\x69\x06\xd2\xea\xc3"
	"\x36\xe0\x9b\x6c\x4d\x6f\xc4\x10\x59\x44\xfa\x04\xf1\xf4\x34\xae"
	"\xbb\x3e\xe4\x1b\xc8\xaa\x08\x1a\x37\x93\xa2\xac\xac\x7f\x80\x9c"
	"\xad\xa1\x32\x77\x51\x18\x44\x23\x45\x93\x93\x0d\xc4\x8f\x0c\x6a"
	"\xd4\xd5\xd2\x6b\x70\xe8\x33\x7c\x99\xa1\x9d\xac\x20\x53\xe5\x07"
	"\x2b\xf5\x02\xbf\xe1\x5b\x0c\xc6\x91\xe6\xb5\x80\x62\x06\x6b\x8f"
	"\x69\x9b\x5d\xc7\x6d\x41\x04\x19\x87\x57\x16\xd0\xdf\x8c\x2f\x69"
	"\x1a\x42\x52\x43\xc9\xa5\x88\x00\x89\xf4\xe1\x1a\x82\xbb\x33\x9a"
	"\x8e\x62\x10\xe8\x25\x3f\x8c\x9f\xe0\x70\x64\x91\x74\xc1\xd0\x5d"
	"\x9e\xfb\x1f\x0c\x62\x93\x56\xc9\x2e\xa6\xa2\xfc\x8a\x36\x0b\x29"
	"\xa6\x78\xc8\xc5\x68\xdc\x9a\x03\xdb\x6a\x47\x03\x84\x5a\x99\xa6"
	"\x0b\x01\xaa\x97\xce\x4f\xdd\x3c\xa6\x11\x9d\xe1\x99\x47\xa7\x82"
	"\x77\xb3\x94\xb3\xd4\x34\xa2\x01\x31\x64\x4b\x3e\xc5\x11\xfd\x45"
	"\x19\xe3\x20\x35\x8b\x03\xcf\x04\x5b\x7b\x66\x1f\xda\xdb\x98\x1e"
	"\xd7\x8c\x0e\xa8\xdd\xbd\x97\x82\xe3\x57\xde\x3b\x33\x4b\x1b\xcb"
	"\x90\x91\x29\x3d\xe3\x8d\x3e\x94\x3c\x15\xa5\xe5\xbe\xc3\x7c\xc1"
	"\x07\x80\xe4\x3b\x4e\x31\x59\x8a\xca\x33\x52\x45\x52\x90\xf2\x15"
	"\xf9\x0d\xb8\x8a\x10\x10\x9e\x9d\x9c\xf3\x28\xc8\x2a\x31\xb2\x3b"
	"\x28\x2e\xd0\x63\x2c\xc1\x95\x8d\x1c\xac\x07\x3c\xc9\x44\xb6\xc8"
	"\x0c\x1a\xf1\xc7\xea\x3c\x99\x11\xff\x2c\x63\x4d\x97\x02\xbf\x7d"
	"\xe2\xab\x2e\x44\x41\x0d\xaf\x59\x9b\xdd\xe3\x91\xa7\x3d\x1a\x0e"
	"\xdd\xe2\x1d\x45\xfa\xb5\x81\x28\x34\x19\x13\x0e\x9e\xd5\xd8\xa6"
	"\x41\x53\xf0\xfd\xa2\x6e\x31\x86\x50\x24\x1c\xe2\x4c\xfb\x89\x4a"
	"\xc4\xed\x97\xf0\xe8\x51\x67\x20\xd4\x90\xdc\x59\x46\xa8\x7f\x44"
	"\x71\xe2\xca\x06\xcd\x40\x4e\x8e\xb3\x37\x54\x7c\xbc\x81\xe3\xdf"
	"\x91\x42\x6e\xf4\xc6\x36\x88\x31\xed\x7a\x37\x09\xbc\x6e\xa2\x37"
	"\x4b\x04\x89\x77\xc2\x9c\x81\x00\x59\xf3\x10\x07\xb6\x08\xd6\xb6"
	"\xfb\xc2\xfa\xf5\xdf\xfb\xb7\xe2\xe1\xe5\xe1\xeb\xfe\x79\xff\xf2"
	"\xe1\x8e\x76\x56\x1b\xc1\x7f\xe0\x91\x9f\x2e\x00\x1a\x43\xe0\xb9"
	"\xa2\xe2\x81\xbb\x4d\x06\x5e\xd7\x7b\x06\xff\xa2\x20\x23\xa2\x6f"
	"\x8b\xc8\x50\xc9\x0d\xb0\x28\x68\x3b\xc2\x2f\x8b\x84\x88\x02\xea"
	"\xec\x20\x5c\xd2\x86\x9b\xd3\x93\x39\x64\xd5\x61\x8c\xad\xb6\x38"
	"\x77\x8d\xd9\x04\x94\x17\x90\x26\xa9\xf3\xcc\x50\x3e\x2b\xc5\xb5"
	"\x05\xd1\xb8\xba\xa3\x9d\xfc\x4f\xa8\x36\x73\x95\xca\x93\x45\x6c"
	"\xe6\xe1\x1d\x91\x0b\x53\x31\xe7\xf0\xb4\x75\x1c\x10\xe9\x44\x4d"
	"\x81\x62\xa8\x21\xfc\x75\x66\xce\x9e\x58\x6d\x0d\x07\x7c\x4a\x57"
	"\x76\x45\x71\xe7\x22\x34\x49\x51\xb5\x38\x18\x7e\xaa\xa5\x25\x71"
	"\xb4\x6f\xd9\xb9\x9b\x87\x93\x11\x1d\x45\x39\x9e\xb2\xe2\xaa\x69"
	"\xf7\x8f\xdf\x8e\x7e\x3c\x3c\xfe\xc9\x97\xcd\xf8\xf8\xb2\x79\x2e"
	"\xf7\x1f\x47\xe0\x9c\xf2\xe5\x5d\x57\x71\x36\x05\xd8\x73\x81\xa0"
	"\x42\xb9\x1e\x62\x1a\x5b\x31\x33\x22\xd6\x07\x2f\x1b\x8a\x56\xcb"
	"\x1f\x4f\x8b\x68\x55\x03\xd7\x0f\xc6\xe9\x4d\xa0\x84\x73\xfc\x3f"
	"\xa1\x13\xb7\xb9\x23\xee\x02\x00"
MAGIC_END;
